species,oldSpeciesCanonicalName,similarity,prediction
Xylorycta castanea,Lichenaula castanea,0.9485,synonym
Xylorycta luteotactella,Cryptolechia cognatella,0.8802,synonym
Xylorycta luteotactella,Cryptolechia luteotactella,0.9652,synonym
Xylorycta nivella,Cryptolechia nivella,0.9504,synonym
Xylorycta stereodesma,Xylorycta prospicua,0.9534,synonym
Xylorycta polysticha,Lichenaula polysticha,0.9485,synonym
Xylorycta heliomacula,Telecrates heliomacula,0.9057,synonym
Xylorycta assimilis,Xylorycta terenopis,0.9155,synonym
Xylorycta haplochroa,Lichenaula haplochroa,0.9655,synonym
Xylorycta haplochroa,Lichenaula umbrosa,0.8874,synonym
Xylorycta cygnella,Cryptolechia cygnella,0.9539,synonym
Xylorycta calligramma,Telecrates calligramma,0.8608,synonym
Xylorycta streptogramma,Telecrates streptogramma,0.8766,synonym
Xylorycta ovata,Antaeotricha ovata,0.966,synonym
Xylorycta candescens,Lichenaula dissimilis,0.9352,synonym
Xylorycta strigata,Cryptophasa strigata,0.9408,synonym
Xylorycta apheles,Neodrepta apheles,0.8571,synonym
Xylorycta apheles,Xylorycta lychnobii,0.9371,synonym
Xylorycta argentella,Cryptolechia argentella,0.9616,synonym
Synchalara rhombota,Agriophara rhombota,0.8655,synonym
Paralecta tinctoria,Xylorycta tinctoria,0.8234,synonym
Sphalerostola epierana,Exapateter epierana,0.8915,synonym
Metathrinca ancistrias,Ptochoryctis ancistrias,0.822,synonym
Metathrinca ceromorpha,Ptochoryctis ceromorpha,0.9324,synonym
Metathrinca illuvialis,Ptochoryctis illuvialis,0.9307,synonym
Metathrinca intacta,Ptochoryctis intacta,0.9035,synonym
Metathrinca loranthivora,Ptochoryctis loranthivora,0.9567,synonym
Metathrinca parabola,Ptochoryctis parabola,0.8818,synonym
Metathrinca rosaria,Ptochoryctis rosaria,0.8842,synonym
Metathrinca tsugensis,Ptochoryctis tsugensis,0.9132,synonym
Liparistis monosema,Lichenaula monosema,0.8703,synonym
Athrypsiastis candidella,Topiris candidella,0.9516,synonym
Bida radiosella,Bida crambella,0.8732,synonym
Bida radiosella,Psecadia radiosella,0.8495,synonym
Perixestis rhizophaga,Xylorycta rhizophaga,0.9565,synonym
Phthonerodes scotarcha,Psilosceles dichochroa,0.8193,synonym
Iulactis insignis,Dectobathra insignis,0.8805,synonym
Xylodryadella cryeranthes,Xylodryas cryeranthes,0.9497,synonym
Neospastis encryphias,Agriophara encryphias,0.7279,synonym
Neospastis ichnaea,Stenoma ichnaea,0.8681,synonym
Philarista porphyrinella,Brunia intersecta,0.7787,synonym
Philarista porphyrinella,Cryptolechia porphyrinella,0.9015,synonym
Cyanocrates grandis,Cyanocrates signata,0.9248,synonym
Cyanocrates grandis,Ommatothelxis grandis,0.8364,synonym
Lichenaula afflictella,Cryptolechia afflictella,0.9095,synonym
Lichenaula lichenea,Lichenaula lichenaea,0.9663,synonym
Lichenaula cryptoleuca,Phthonerodes cryptoleuca,0.9664,synonym
Lichenaula laniata,Lichenaula sternoides,0.9469,synonym
Lichenaula comparella,Lichenaula callisema,0.8986,synonym
Lichenaula comparella,Oecophora comparella,0.9483,synonym
Lichenaula anthracopsara,Phthonerodes anthracopsara,0.9354,synonym
Lichenaula phloeochroa,Lichenaula provisa,0.8317,synonym
Lichenaula maculosa,Polynesa maculosa,0.9192,synonym
Heterochyta aprepta,Heterochyta abrepta,0.9845,synonym
Heterochyta aprepta,Macrobela aprepta,0.8188,synonym
Heterochyta infesta,Heterobathra infesta,0.944,synonym
Catoryctis leucomerata,Phthonerodes leucomerata,0.9196,synonym
Catoryctis sciastis,Xylorycta sciastis,0.947,synonym
Catoryctis subnexella,Oecophora subnexella,0.9296,synonym
Catoryctis subparallela,Oecophora fissulella,0.8723,synonym
Catoryctis subparallela,Oecophora nexella,0.8979,synonym
Catoryctis subparallela,Oecophora subparallela,0.9366,synonym
Brachybelistis blackburnii,Cryptophaga blackburnii,0.9389,synonym
Brachybelistis pentachroa,Xylorycta pentachroa,0.961,synonym
Telecrates desmochrysa,Telecrates nigricansella,0.9257,synonym
Telecrates laetiorella,Oecophora laetiorella,0.8719,synonym
Telecrates melanochrysa,Xylorycta melanochrysa,0.911,synonym
Gomphoscopa catoryctopsis,Pachycera catoryctopsis,0.9566,synonym
Thymiatris allocrossa,Lichenaula allocrossa,0.7226,synonym
Thymiatris cephalochra,Xylorycta cephalochra,0.8815,synonym
Leptobelistis isthmodes,Oegoconia isthmodes,0.8743,synonym
Plectophila acrochroa,Xylorycta acrochroa,0.9387,synonym
Plectophila discalis,Acontia discalis,0.7875,synonym
Plectophila discalis,Lichenaula inscripta,0.8183,synonym
Plectophila discalis,Lichenaula ombralota,0.7594,synonym
Plectophila discalis,Lichenaula oxygona,0.8603,synonym
Plectophila electella,Oecophora electella,0.8938,synonym
Plectophila eucrines,Lichenaula eucrines,0.9399,synonym
Plectophila micradelpha,Lichenaula micradelpha,0.852,synonym
Plectophila pyrgodes,Plectophila ascripta,0.9243,synonym
Plectophila thiophanes,Xylorycta thiophanes,0.9516,synonym
Potniarcha hierastis,Cryptophaga hierastis,0.8806,synonym
Zaphanaula hemileuca,Antiopala moderata,0.8744,synonym
Zaphanaula hemileuca,Oecophora hemileuca,0.8987,synonym
Zaphanaula hemileuca,Peltophora leucoplaca,0.8717,synonym
Zaphanaula hemileuca,Zaphanaula diffusa,0.9515,synonym
Zaphanaula hemileuca,Zaphanaula xenophila,0.9185,synonym
Cophomantella aphanozona,Cophomantis aphanozona,0.9773,synonym
Cophomantella artonoma,Cophomantis artonoma,0.9593,synonym
Cophomantella bifrenata,Onebala bifrenata,0.8877,synonym
Cophomantella bythota,Onebala bythota,0.8648,synonym
Cophomantella crypsizyga,Onebala crypsizyga,0.8573,synonym
Cophomantella cubiculata,Onebala cubiculata,0.9167,synonym
Cophomantella cyclopodes,Onebala cyclopodes,0.9019,synonym
Cophomantella elaphopis,Onebala elaphopis,0.9553,synonym
Cophomantella ephanozona,Cophomantis ephanozona,0.9506,synonym
Cophomantella eremota,Onebala eremota,0.877,synonym
Cophomantella furnaria,Lecithocera furnaria,0.9233,synonym
Cophomantella homogramma,Onebala homogramma,0.919,synonym
Cophomantella lychnocentra,Styloceros lychnocentra,0.9167,synonym
Cophomantella myadelpha,Onebala myadelpha,0.9034,synonym
Cophomantella osphrantica,Cophomantis osphrantica,0.9803,synonym
Cophomantella pumicata,Cophomantis pumicata,0.963,synonym
Cophomantella syngonarcha,Cophomantis syngonarcha,0.9594,synonym
Hylypnes isosticha,Odites isosticha,0.9318,synonym
Hylypnes leptosticta,Cryptolechia leptosticta,0.9633,synonym
Hylypnes pudica,Odites pudica,0.8705,synonym
Eupetochira xystopala,Nephantis xystopala,0.9098,synonym
Xylomimetes trachyptera,Pilostibes trachyptera,0.9301,synonym
Arignota stercorata,Xylorycta stercorata,0.9439,synonym
Zauclophora metaphaeella,Safra metaphaeella,0.904,synonym
Zauclophora muscerdella,Cryptolechia muscerdella,0.8982,synonym
Zauclophora pelodes,Xylorycta cirrhodes,0.9043,synonym
Zauclophora procellosa,Clerarcha procellosa,0.8251,synonym
Scieropepla orthosema,Procometis orthosema,0.9355,synonym
Scieropepla reversella,Cryptolechia abrosella,0.8072,synonym
Scieropepla reversella,Cryptolechia reversella,0.8546,synonym
Scieropepla serica,Tanyzancla serica,0.9314,synonym
Scieropepla serina,Procometis trispora,0.77,synonym
Scieropepla typhicola,Scieropepla typicola,0.9561,synonym
Pilostibes basivitta,Marisba basivitta,0.8993,synonym
Pilostibes basivitta,Pilostibes enchidias,0.8039,synonym
Thysiarcha ecclesiastis,Cryptophasa ecclesiastis,0.8848,synonym
Paralypusa chinensis,Pseudatemelia chinensis,0.9365,synonym
Diurnea fagella,Chimabacche fagella,0.9426,synonym
Diurnea fagella,Chimabacche nolckenella,0.8231,synonym
Diurnea fagella,Diurnea dormoyella,0.9533,synonym
Diurnea fagella,Diurnea nolckenella,0.9517,synonym
Diurnea fagella,Tinea fagella,0.9184,synonym
Diurnea fumida,Dasystoma fumida,0.8599,synonym
Diurnea fumida,Sciaphila fumida,0.8334,synonym
Diurnea lipsiella,Chimabacche phryganella,0.8832,synonym
Diurnea lipsiella,Diurnea lipsiella,1.0,synonym
Diurnea lipsiella,Diurnea novembris,0.8541,synonym
Diurnea lipsiella,Diurnea phryganella,0.8796,synonym
Diurnea lipsiella,Lemmatophila phryganella,0.8121,synonym
Dasystoma kurentzovi,Cheimophila kurentzovi,0.7413,synonym
Dasystoma salicella,Cheimophila salicella,0.8836,synonym
Dasystoma salicella,Hercyna rufocrinitalis,0.8605,synonym
Dasystoma salicella,Lemmatophila salicella,0.9242,synonym
Agnoea aeneella,Borkhausenia aeneella,0.9482,synonym
Agnoea colurnella,Borkhausenia colurnella,0.9433,synonym
Agnoea colurnella,Borkhausenia pulverosella,0.9049,synonym
Agnoea colurnella,Pseudatemelia colurnella,0.9386,synonym
Agnoea detrimentella,Borkhausenia detrimentella,0.8705,synonym
Agnoea detrimentella,Pseudatemelia detrimentella,0.9079,synonym
Agnoea elsae,Borkhausenia elsae,0.7671,synonym
Agnoea elsae,Pseudatemelia elsae,0.8148,synonym
Agnoea filiella,Borkhausenia filiella,0.9227,synonym
Agnoea filiella,Pseudatemelia filiella,0.9274,synonym
Agnoea flavifrontella,Borkhausenia flavifrontella,0.9354,synonym
Agnoea flavifrontella,Pseudatemelia flavifrontella,0.9308,synonym
Agnoea flavifrontella,Tubuliferola flavifrontella,0.9275,synonym
Agnoea fuscifrontella,Agnoea evanescens,0.8545,synonym
Agnoea fuscifrontella,Blastobasis evanescens,0.8628,synonym
Agnoea fuscifrontella,Borkhausenia fuscifrontella,0.9428,synonym
Agnoea fuscifrontella,Pseudatemelia fuscifrontella,0.9394,synonym
Agnoea josephinae,Pseudatemelia josephinae,0.9232,synonym
Agnoea langohri,Pseudatemelia langohri,0.8241,synonym
Agnoea latipennella,Pseudatemelia latipennella,0.9538,synonym
Agnoea lavandulae,Borkhausenia ardosiella,0.8007,synonym
Agnoea lavandulae,Borkhausenia lavandulae,0.8285,synonym
Agnoea lavandulae,Borkhausenia pulverisquamis,0.7973,synonym
Agnoea lavandulae,Oecophora ardosiella,0.721,synonym
Agnoea lavandulae,Pseudatemelia lavandulae,0.7971,synonym
Agnoea pallidella,Borkhausenia pallidella,0.8294,synonym
Agnoea pallidella,Pseudatemelia pallidella,0.8322,synonym
Agnoea semifuscata,Pseudatemelia semifuscata,0.9227,synonym
Agnoea subgilvida,Pseudatemelia subgilvida,0.919,synonym
Agnoea subgilvida,Tubuliferola subgilvida,0.8954,synonym
Agnoea subochreella,Agnoea panzerella,0.9634,synonym
Agnoea subochreella,Pseudatemelia panzerella,0.9012,synonym
Agnoea subochreella,Pseudatemelia subochreella,0.92,synonym
Agnoea subochreella,Tubuliferola subochreella,0.87,synonym
Agnoea synchrozella,Pseudatemelia synchrozella,0.8574,synonym
Agnoea xanthosoma,Pseudatemelia xanthosoma,0.9432,synonym
Atosia doenia,Parasa doenia,0.9153,synonym
Eukarschia mitis,Gephyrophora mitis,0.9451,synonym
Euphlyctina phaeopasta,Araeogyia phaeopasta,0.9497,synonym
Lithacodes fasciola,Limacodes fasciola,0.9583,synonym
Lithacodes fasciola,Lithacodes belfragei,0.7921,synonym
Lithacodes fasciola,Lithacodes divergens,0.9109,synonym
Lithacodes fasciola,Lithacodes laticlavia,0.9294,synonym
Lithacodes fiskeana,Tortricidia fiskeana,0.9494,synonym
Parapluda incincta,Apluda incincta,0.8842,synonym
Parapluda incincta,Apluda schaliphlebia,0.8469,synonym
Parapluda incincta,Parapluda schaliphlebia,0.8821,synonym
Parapluda invitabilis,Apluda similis,0.9026,synonym
Parapluda invitabilis,Heterogenea invitabilis,0.8698,synonym
Parapluda invitabilis,Parapluda similis,0.948,synonym
Parapluda monogramma,Apluda monogramma,0.9371,synonym
Parapluda syngrapha,Apluda syngrapha,0.8964,synonym
Euclea aemilia,Bombyx aemilia,0.9233,synonym
Euclea aemilia,Euclea discolor,0.9492,synonym
Euclea bidiscalis,Miresa doriens,0.8371,synonym
Euclea byrne,Metraga byrne,0.9345,synonym
Euclea cippus,Bombyx cippus,0.9361,synonym
Euclea cippus,Phalaena cippus,0.9502,synonym
Euclea copac,Neomiresa copac,0.9314,synonym
Euclea delphinii,Empretia paenulata,0.768,synonym
Euclea delphinii,Euclea bifida,0.8073,synonym
Euclea delphinii,Euclea elliotii,0.9744,synonym
Euclea delphinii,Euclea ferruginea,0.9288,synonym
Euclea delphinii,Euclea interjecta,0.7596,synonym
Euclea delphinii,Euclea mira,0.8586,synonym
Euclea delphinii,Euclea monitor,0.7052,synonym
Euclea delphinii,Euclea strigata,0.9228,synonym
Euclea delphinii,Euclea viridiclava,0.934,synonym
Euclea delphinii,Limacodes argentata,0.9048,synonym
Euclea delphinii,Limacodes delphinii,0.9586,synonym
Euclea delphinii,Limacodes querceti,0.8097,synonym
Euclea delphinii,Limacodes quercicola,0.8278,synonym
Euclea delphinii,Nochelia tardigrada,0.8786,synonym
Euclea delphinii,Nyssia varia,0.7889,synonym
Euclea delphinii,Parasa excisa,0.7626,synonym
Euclea delphinii,Parasa incisa,0.7217,synonym
Euclea delphinii,Sibine varia,0.7616,synonym
Euclea determinata,Metraga costilinea,0.7562,synonym
Euclea dicolon,Phalaena dicolon,0.8507,synonym
Euclea diversa,Euclea retroversa,0.9325,synonym
Euclea diversa,Semyra diversa,0.9635,synonym
Euclea diversa,Teinorhyncha vericrux,0.8254,synonym
Euclea dolosa,Hydrias dolosa,0.9262,synonym
Euclea norba,Sibine norba,0.8698,synonym
Euclea plugma,Euclea chiriquensis,0.8493,synonym
Euclea plugma,Euclea zygia,0.9192,synonym
Euclea plugma,Metraga colle,0.8297,synonym
Euclea plugma,Metraga hoboa,0.8913,synonym
Euclea plugma,Metraga perplexa,0.8502,synonym
Euclea plugma,Phalaena plugma,0.7909,synonym
Euclea rufa,Neomires rufa,0.8559,synonym
Euclea spadicis,Monoleuca spadicis,0.9471,synonym
Pectinarosa alastor,Altha alastor,0.8695,synonym
Melinaria campagnei,Parasa campagnei,0.9147,synonym
Melinaria repanda,Neaera repanda,0.9398,synonym
Melinaria repanda,Parasa repanda,0.9253,synonym
Caffricola cloeckneria,Bombyx cloeckneria,0.9193,synonym
Heringocena andobo,Pseudomocena andobo,0.868,synonym
Heringocena difficilis,Pseudomocena difficilis,0.934,synonym
Vipsania melanois,Pseudovipsania melanois,0.8695,synonym
Vipsania schevi,Lithacodes schevi,0.8923,synonym
Narosoideus flavidorsalis,Heterogena flavidorsalis,0.8998,synonym
Narosoideus flavidorsalis,Narosoideus flavissima,0.9756,synonym
Narosoideus flavidorsalis,Narosoideus micans,0.9513,synonym
Narosoideus fuscicostalis,Miresa fuscicostalis,0.949,synonym
Narosoideus vulpina,Narosoideus apicipennis,0.9417,synonym
Narosoideus vulpina,Narosoideus aurisoma,0.9676,synonym
Narosoideus vulpina,Narosoideus formosanus,0.97,synonym
Narosoideus vulpina,Narosoideus formosicola,0.9709,synonym
Narosoideus vulpina,Vipsania vulpina,0.9093,synonym
Cyclopterana reducta,Cycloptera reducta,0.9758,synonym
Altha peralbida,Thosea peralbida,0.8954,synonym
Narosopsis leucospila,Narosopsis vynia,0.9253,synonym
Ctenolita auribasalis,Miresa auribasalis,0.8859,synonym
Ctenolita auribasalis,Teinorhyncha auribasalis,0.9568,synonym
Ctenolita epargyra,Ctenolita cerdo,0.8814,synonym
Ctenolita epargyra,Teinorhyncha cerdo,0.8481,synonym
Ctenolita nobilior,Miresa nobilior,0.8865,synonym
Ctenolita nobilior,Teinorhyncha nobilior,0.8807,synonym
Ctenolita pyrosomoides,Miresa pyrosomoides,0.9514,synonym
Ctenolita pyrosomoides,Teinorhyncha pyrosomoides,0.9288,synonym
Comanula uniformis,Comanula bipunctata,0.8412,synonym
Comanula uniformis,Hildala uniformis,0.875,synonym
Narosa argentipuncta,Narosa narcha,0.9418,synonym
Narosa corusca,Narosa baibarana,0.9419,synonym
Narosa corusca,Narosa ishidae,0.9133,synonym
Narosa corusca,Narosa shinshana,0.8464,synonym
Narosa corusca,Narosa takamukui,0.8421,synonym
Narosa nigrisigna,Heterogenea formosana,0.8683,synonym
Narosa nigrisigna,Narosa ochracea,0.9372,synonym
Narosa nigrisigna,Narosa penicillata,0.879,synonym
Sansarea alenae,Euphlyctina alenae,0.6746,not synonym
Sansarea circulifera,Trichogyia circulifera,0.7035,synonym
Macroplectrina apicalis,Macroplectra apicalis,0.9865,synonym
Macroplectrina semiaurantia,Macroplectra semiaurantia,0.968,synonym
Brachiopsis vicina,Caffricola vicina,0.8794,synonym
Vipaka niveipennis,Narosa niveipennis,0.9227,synonym
Zinara ploetzi,Heterolepis ploetzi,0.9118,synonym
Magos xanthopus,Bietia xanthopus,0.927,synonym
Anilina nubilata,Paryphanta nubilata,0.9465,synonym
Anilina personata,Paryphanta personata,0.9445,synonym
Anilina plebeia,Paryphanta plebeia,0.9472,synonym
Anilina tessmanni,Paryphanta tessmanni,0.9436,synonym
Mambara andamanensis,Hypoblechra andamanensis,0.9271,synonym
Mambara delocrossa,Birthama delocrossa,0.9085,synonym
Mambara haplopis,Birthama haplopis,0.9292,synonym
Mambara minimalis,Setora minimalis,0.8103,synonym
Chalcocelis albiguttatus,Altha pulchrimacula,0.8135,synonym
Chalcocelis albiguttatus,Doratifera hemistaura,0.8498,synonym
Chalcocelis albiguttatus,Doratifera nephrochrysa,0.892,synonym
Chalcocelis albiguttatus,Limacodes albiguttatus,0.9517,synonym
Chalcocelis albiguttatus,Miresa fumifera,0.8771,synonym
Chalcocelis albiguttatus,Miresa nigriplaga,0.8592,synonym
Chalcocelis albiguttatus,Miresa sanguineomaculata,0.762,synonym
Chalcocelis castanica,Chalcoscelis castanica,0.9955,synonym
Chrysopolomides nivea,Chrysopoloma nivea,0.8641,synonym
Soteira altilis,Parasa altilis,0.8979,synonym
Soteira grandis,Parasa grandis,0.8939,synonym
Soteira ostia,Latoia pseudostia,0.8626,synonym
Soteira ostia,Parasa ostia,0.8758,synonym
Soteira prasina,Parasa prasina,0.908,synonym
Soteira shaanxiensis,Latoia shaanxiensis,0.9147,synonym
Soteira shaanxiensis,Parasa shaanxiensis,0.9354,synonym
Soteira vadimi,Parasa vadimi,0.9142,synonym
Quasinarosa fulgens,Microcampa fulgens,0.9281,synonym
Quasinarosa fulgens,Narosa kanshireana,0.7705,synonym
Quasinarosa fulgens,Narosa pseudochracea,0.9047,synonym
Quasinarosa fulgens,Narosa tamsi,0.6087,not synonym
Circeida argentifascia,Latoia argentifascia,0.9482,synonym
Circeida argentifascia,Parasa argentifascia,0.9199,synonym
Circeida eupuncta,Latoia eupuncta,0.9524,synonym
Circeida eupuncta,Parasa eupuncta,0.9257,synonym
Circeida liangdiana,Latoia liangdiana,0.9397,synonym
Circeida liangdiana,Parasa liangdiana,0.9439,synonym
Circeida mutifascia,Latoia mutifascia,0.9418,synonym
Circeida mutifascia,Parasa mutifascia,0.9391,synonym
Circeida parapuncta,Latoia parapuncta,0.9564,synonym
Circeida parapuncta,Parasa parapuncta,0.934,synonym
Avatara interrupta,Thosea interrupta,0.9365,synonym
Avatara lineofusca,Iragoides lineofusca,0.8784,synonym
Avatara plethoneura,Thosea plethoneura,0.917,synonym
Avatara pseudocana,Aphendala pseudocana,0.8394,synonym
Caissa fasciatum,Ceratonema fasciatum,0.9496,synonym
Aergina fumosa,Parasa fumosa,0.916,synonym
Aergina gentilis,Latoia gentilis,0.9572,synonym
Aergina gentilis,Parasa gentilis,0.9505,synonym
Aergina hilaris,Limacodes hilaris,0.9198,synonym
Aergina hilaris,Parasa hockingii,0.8403,synonym
Aergina laeta,Aergina retracta,0.8307,synonym
Aergina laeta,Parasa laeta,0.9392,synonym
Aergina laeta,Parasa retracta,0.7871,synonym
Aergina liharis,Parasa liharis,0.9092,synonym
Aergina mirza,Parasa mirza,0.9424,synonym
Aergina paeera,Parasa paeera,0.9074,synonym
Aergina solovyevi,Parasa solovyevi,0.9682,synonym
Scopelodes minax,Bethura minax,0.8628,synonym
Scopelodes unicolor,Dalcera palpigera,0.768,synonym
Scopelodes unicolor,Nyssia micacea,0.9223,synonym
Scopelodes unicolor,Scopelodes lutea,0.9318,synonym
Scopelodes unicolor,Scopelodes palpalis,0.8641,synonym
Scopelodes vulpina,Scopelodes tantula,0.9384,synonym
Nephelimorpha argentilinea,Parasa argentilinea,0.9053,synonym
Nephelimorpha argentilinea,Parasa elegantula,0.8255,synonym
Omocenops micacea,Anzabe micacea,0.9426,synonym
Comana albibasis,Comana albiplaga,0.9241,synonym
Comana albibasis,Miresa albibasis,0.9164,synonym
Comana albibasis,Miresa humeralis,0.8831,synonym
Comana corones,Bombyx corones,0.7562,synonym
Comana corones,Susica miltocosma,0.7779,synonym
Comana cosmocalla,Comana casmocalla,0.9402,synonym
Comana cosmocalla,Susica cosmocalla,0.9211,synonym
Comana cosmocalla,Susica dochmosema,0.8725,synonym
Comana euryparoa,Susica euryparoa,0.9229,synonym
Comana idiomorpha,Susica idiomorpha,0.8957,synonym
Comana miltochyta,Susica miltochyta,0.9188,synonym
Comana miltogramma,Darala rosea,0.8129,synonym
Comana miltogramma,Hildala miniacea,0.7598,synonym
Comana miltogramma,Momopola miltogramma,0.9353,synonym
Comana mjobergi,Comana mjoebergi,0.971,synonym
Comana mjobergi,Susica mjobergi,0.9141,synonym
Comana monomorpha,Natada monomorpha,0.9085,synonym
Comana resplendens,Susica resplendens,0.9093,synonym
Comana rosea,Anthela rosea,0.9358,synonym
Comana testacea,Mecytha testacea,0.9094,synonym
Leucophobetron argentiflua,Altha rufipuncta,0.8349,synonym
Leucophobetron argentiflua,Euproctis argentiflua,0.9403,synonym
Leucophobetron argyrorrhaea,Euproctis argyrorrhaea,0.9377,synonym
Leucophobetron punctata,Euclea punctata,0.9406,synonym
Achrocerides theorini,Lasiocampa theorini,0.7411,synonym
Aphendala cana,Parasa cana,0.7771,synonym
Aphendala cana,Thosea barikoti,0.7861,synonym
Aphendala cana,Thosea cana,0.7178,synonym
Aphendala conicosma,Thosea conicosma,0.8695,synonym
Aphendala ferreogrisea,Tetraphleba ferreogrisea,0.912,synonym
Aphendala ferreogrisea,Thosea ferreogrisea,0.8706,synonym
Aphendala imitabilis,Thosea imitabilis,0.7466,synonym
Aphendala recta,Thosea recta,0.7583,synonym
Aphendala unicolor,Aphendala mechiensis,0.9553,synonym
Aphendala unicolor,Aphendala transversata,0.958,synonym
Aphendala unicolor,Aphendala tripartita,0.9655,synonym
Aphendala unicolor,Macroplectra unicolor,0.9221,synonym
Aphendala unicolor,Parasa unicolor,0.8875,synonym
Aphendala unicolor,Thosea discipunctata,0.911,synonym
Aphendala unicolor,Thosea phaeobasis,0.8705,synonym
Aphendala unicolor,Thosea transversata,0.7182,synonym
Aphendala unicolor,Thosea tripartita,0.7616,synonym
Hindothosea cervina,Thosea cervina,0.8613,synonym
Hindothosea cervina,Thosea duplexa,0.7468,synonym
Neomocena convergens,Omocena convergens,0.9139,synonym
Birthamula chara,Contheyla chara,0.9148,synonym
Birthamula rufa,Thosea grandis,0.7207,synonym
Hadraphe aprica,Hadraphe callima,0.8658,synonym
Hadraphe aprica,Scirrhoma callima,0.8197,synonym
Hadraphe ethiopica,Scirrhoma ethiopica,0.871,synonym
Pretas furcillata,Aphendala furcillata,0.6645,not synonym
Pretas separata,Thosea separata,0.9237,synonym
Thronia badia,Parasa badia,0.9157,synonym
Thronia dilucida,Parasa dilucida,0.9363,synonym
Thronia xizangensis,Parasa xizangensis,0.9003,synonym
Thronia xueshana,Latoia xueshana,0.9169,synonym
Thronia xueshana,Parasa xueshana,0.9276,synonym
Eloasa acrata,Parasa acrata,0.8659,synonym
Eloasa atmodes,Parasa atmodes,0.9051,synonym
Eloasa atmodes,Parasa loxoleuca,0.8041,synonym
Eloasa bombycoides,Doratiophora amphibrota,0.8874,synonym
Eloasa bombycoides,Lethocephala bombycoides,0.9194,synonym
Eloasa bombycoides,Parasa rutila,0.8711,synonym
Eloasa bombycoides,Thosea erecta,0.8844,synonym
Eloasa brevipennis,Parasa brevipennis,0.9216,synonym
Eloasa calida,Doratifera congrua,0.682,not synonym
Eloasa calida,Lethocephala eremospila,0.7095,synonym
Eloasa callidesma,Thosea callidesma,0.8978,synonym
Eloasa infrequens,Apoda infrequens,0.9473,synonym
Eloasa infrequens,Parasa entima,0.848,synonym
Eloasa liosarca,Anaxidea integer,0.8539,synonym
Eloasa liosarca,Eloasa liasarca,0.9809,synonym
Eloasa liosarca,Thosea liosarca,0.9063,synonym
Eloasa luxa,Thosea luxa,0.861,synonym
Eloasa perixera,Doratifera perixera,0.8743,synonym
Eloasa sphenosema,Doratifera sphenosema,0.7853,synonym
Eloasa symphonistis,Parasa symphonistis,0.9198,synonym
Susica pannosa,Hyphorma pannosa,0.799,synonym
Susica sinensis,Susica formosana,0.8015,synonym
Susica sinensis,Susica fusca,0.8498,synonym
Susica sinensis,Susica fusca,0.8498,synonym
Susica sinensis,Tadema sinensis,0.9395,synonym
Eucalliathla candidella,Oecophora candidella,0.9196,synonym
Argyresthia pruniella,Argyresthia ephippella,0.9557,synonym
Argyresthia pruniella,Oecophora pruniella,0.9429,synonym
Argyresthia notoleuca,Zelleria notoleuca,0.9342,synonym
Argyresthia curvella,Argyresthia arcella,0.9533,synonym
Argyresthia curvella,Argyresthia denudatella,0.9235,synonym
Argyresthia curvella,Argyresthia nitidella,0.9436,synonym
Argyresthia curvella,Argyresthia ossea,0.9052,synonym
Argyresthia curvella,Argyresthia purpurascentella,0.7719,synonym
Argyresthia curvella,Tinea arcella,0.8847,synonym
Argyresthia abdominalis,Argyresthia decimella,0.8138,synonym
Argyresthia abdominalis,Argyresthia inauratella,0.8206,synonym
Argyresthia triplicata,Argyresthia trifasciae,0.9614,synonym
Argyresthia pygmaeella,Argyresthia rudolphella,0.9634,synonym
Argyresthia pygmaeella,Argyresthia semifasciella,0.946,synonym
Argyresthia ivella,Argyresthia andereggiella,0.9514,synonym
Argyresthia ivella,Argyresthia kuwayamella,0.86,synonym
Argyresthia ivella,Argyresthia quadriella,0.9549,synonym
Argyresthia ivella,Oecophora andereggiella,0.9052,synonym
Argyresthia chrysidella,Argyresthia walsinghamella,0.966,synonym
Argyresthia atlanticella,Argyresthia minusculella,0.9526,synonym
Trachydora acrocyrta,Syntomactis acrocyrta,0.9164,synonym
Trachydora acromianta,Syntomactis acromianta,0.9487,synonym
Trachydora bacteriota,Balionebris bacteriota,0.9139,synonym
Trachydora capnopa,Pogonias capnopa,0.8642,synonym
Trachydora centromela,Trachydora holochorda,0.8314,synonym
Trachydora fumea,Syntomactis fumea,0.9046,synonym
Trachydora heliodora,Pogonias heliodora,0.934,synonym
Trachydora heliotricha,Pogonias heliotricha,0.9548,synonym
Trachydora juengeri,Sindicola juengeri,0.9212,synonym
Trachydora macrostola,Syntomactis macrostola,0.9503,synonym
Trachydora plumigera,Anataractis plumigera,0.9508,synonym
Trachydora porphyrescens,Pogonias porphyrescens,0.9629,synonym
Trachydora pygaea,Syntomactis pygaea,0.8402,synonym
Trachydora squamella,Sindicola squamella,0.9365,synonym
Trachydora tephronota,Syntomactis tephronota,0.9011,synonym
Zaratha pterodactylella,Zaratha niveiventris,0.7139,synonym
Palaeomystella chalcopeda,Palaeomystis chalcopeda,0.9708,synonym
Nanodacna logistica,Colonophora logistica,0.7382,synonym
Nanodacna vinacea,Homaledra vinacea,0.9314,synonym
Microcolona durata,Aganoptila durata,0.9246,synonym
Microcolona phanarcha,Aganoptila phanarcha,0.8974,synonym
Microcolona toropis,Elachista toropis,0.9232,synonym
Ischnopsis enopias,Amblyxena enopias,0.9422,synonym
Ischnopsis melanogma,Iriothyrsa melanogma,0.9479,synonym
Ischnopsis pilifera,Amblyxena pilifera,0.9604,synonym
Agonoxena miniana,Haemolytis miniana,0.8659,synonym
Stephensia abbreviatella,Scirtopoda myosotivora,0.895,synonym
Stephensia abbreviatella,Stephensia maxima,0.878,synonym
Stephensia abbreviatella,Stephensia myosotivora,0.8812,synonym
Stephensia brunnichella,Microsetia stephensella,0.8803,synonym
Stephensia brunnichella,Stephensia brunnichiella,0.9442,synonym
Stephensia brunnichella,Tinea brunnichella,0.9542,synonym
Stephensia calpella,Perittia bullatella,0.8797,synonym
Stephensia cedronellae,Perittia bystropogonis,0.7856,synonym
Stephensia cedronellae,Perittia cedronella,0.8073,synonym
Stephensia cedronellae,Perittia lavandulae,0.709,synonym
Stephensia cedronellae,Stephensia cedronella,0.92,synonym
Stephensia cunilae,Stephensia cunilea,0.9696,synonym
Stephensia integra,Kumia integra,0.905,synonym
Stephensia major,Antispila major,0.9028,synonym
Stephensia unipunctella,Holstia unipunctella,0.9292,synonym
Chrysoclista cambiella,Psacaphora cambiella,0.9549,synonym
Chrysoclista flavicaput,Chrysoclista aurifrontella,0.8913,synonym
Chrysoclista flavicaput,Chrysoclista flavicapitella,0.9148,synonym
Chrysoclista flavicaput,Roeslerstammia aurocapitella,0.8212,synonym
Chrysoclista flavicaput,Roeslertammia aurocapitella,0.8178,synonym
Chrysoclista flavicaput,Spuleria aurifrontella,0.8556,synonym
Chrysoclista flavicaput,Spuleria aurocapitella,0.8473,synonym
Chrysoclista flavicaput,Tinea aurifrontella,0.8093,synonym
Chrysoclista flavicaput,Tinea aurifrontella,0.8093,synonym
Chrysoclista lathamella,Chrysoclista bimaculella,0.9461,synonym
Chrysoclista lathamella,Glyphipteryx bimaculella,0.9118,synonym
Chrysoclista lathamella,Glyphipteryx lathamella,0.9409,synonym
Chrysoclista linneela,Chrysoclista gemmatella,0.946,synonym
Chrysoclista linneela,Chrysoclista schaefferella,0.9494,synonym
Chrysoclista linneela,Glyphipteryx linneella,0.9395,synonym
Metalobosia anitras,Metalobosia postcaerulescens,0.7252,synonym
Oedebasis longipalpis,Oedebasis legrandi,0.8571,synonym
Oedebasis longipalpis,Oedebasis malagasy,0.8396,synonym
Oedebasis ovipennis,Oedebasis ovipennis,1.0,synonym
Albarracina warionis,Albarracina autumnalis,0.907,synonym
Albarracina warionis,Albarracina banghaasi,0.882,synonym
Albarracina warionis,Albarracina deundulata,0.8106,synonym
Albarracina warionis,Albarracina humilis,0.9472,synonym
Albarracina warionis,Albarracina littoralis,0.8974,synonym
Albarracina warionis,Albarracina schindlerae,0.9095,synonym
Albarracina warionis,Albarracina syriaca,0.9533,synonym
Albarracina warionis,Albarracina syrticola,0.9251,synonym
Albarracina warionis,Albarracina thoracica,0.9233,synonym
Hypertrocta brunnea,Hypertrocta selenotypa,0.8278,synonym
Hypertrocta posticalis,Hypertrocta marmorata,0.8801,synonym
Hypertrocta posticalis,Moscha posticalis,0.8213,synonym
Olisbus gainsfordi,Eilema gainsfordi,0.9082,synonym
Macrocneme adonis,Macrocneme chiriquicola,0.9331,synonym
Macrocneme chrysitis,Macrocneme affinis,0.9035,synonym
Macrocneme chrysitis,Macrocneme deceptans,0.9029,synonym
Macrocneme chrysitis,Macrocneme iole,0.8131,synonym
Macrocneme lades,Macrocneme chionopus,0.8171,synonym
Macrocneme lades,Macrocneme chionopus,0.8171,synonym
Macrocneme lades,Macrocneme ferrea,0.8805,synonym
Macrocneme lades,Macrocneme naja,0.6119,not synonym
Macrocneme verdivittata,Macrocneme fenestrata,0.9007,synonym
Calonotos dorata,Calonotos chryseis,0.881,synonym
Calonotos helymus,Calonotos aterrima,0.8836,synonym
Calonotos helymus,Glaucopis aterrima,0.8924,synonym
Calonotos tiburtus,Calonotos trinitatis,0.9507,synonym
Calonotos triplaga,Calonotos tripunctatus,0.8832,synonym
Cyligramma amblyops,Cyligramma rhodesiana,0.8694,synonym
Cyligramma disturbens,Cyligramma concors,0.9015,synonym
Cyligramma disturbens,Cyligramma consiliatrix,0.8647,synonym
Cyligramma disturbens,Cyligramma conturbans,0.9071,synonym
Cyligramma disturbens,Cyligramma raboudou,0.8469,synonym
Cyligramma fluctuosa,Cyligramma obscurior,0.9015,synonym
Cyligramma fluctuosa,Cyligramma rudilinea,0.8749,synonym
Cyligramma joa,Cyligramma postreducta,0.8534,synonym
Cyligramma latona,Cyligramma troglodyta,0.9356,synonym
Cyligramma limacina,Cyligramma acutior,0.8947,synonym
Cyligramma limacina,Cyligramma argillosa,0.9442,synonym
Cyligramma limacina,Cyligramma bisignata,0.9536,synonym
Cyligramma limacina,Cyligramma importuna,0.8835,synonym
Cyligramma limacina,Cyligramma intellecta,0.9371,synonym
Cyligramma limacina,Cyligramma limacinodes,0.9524,synonym
Cyligramma magus,Cyligramma buchholzi,0.8671,synonym
Cyligramma magus,Cyligramma goudotii,0.9104,synonym
Oglasa arcuata,Oglasa lunifera,0.9261,synonym
Oglasa auximena,Oglasa afflicta,0.9278,synonym
Oglasa hypenoides,Oglasa cosmiodes,0.8515,synonym
Oglasa hypenoides,Oglasa sambawana,0.7962,synonym
Oglasa lagusalis,Dorsippa notabilis,0.7297,synonym
Oglasa plagiata,Oglasa plagiata,1.0,synonym
Oglasa separata,Oglasa maculata,0.7942,synonym
Oglasa separata,Oglasa ozela,0.9049,synonym
Oglasa sordidula,Chodda sordidula,0.9201,synonym
Adiopa disgrega,Adiopa marama,0.8098,synonym
Antapistis holophaea,Antapistis anyx,0.7421,synonym
Antapistis leucospila,Antapistis digestalis,0.8669,synonym
Antapistis leucospila,Capnodes leucospila,0.9412,synonym
Celiptera frustulum,Celiptera discissa,0.9501,synonym
Celiptera frustulum,Celiptera elongatus,0.9176,synonym
Celiptera levina,Celiptera alvina,0.8698,synonym
Celiptera levina,Celiptera aurinia,0.8955,synonym
Celiptera levina,Celiptera pallidior,0.8767,synonym
Celiptera levina,Celiptera pertusa,0.8993,synonym
Celiptera levina,Celiptera variolosa,0.9694,synonym
Celiptera remigioides,Celiptera magnifica,0.8771,synonym
Dysschema eurocilia,Dysschema melaina,0.946,synonym
Dysschema eurocilia,Dysschema zerbina,0.8769,synonym
Dysschema mosera,Dysschema sylvia,0.9212,synonym
Dysschema tricolor,Dysschema albisarta,0.885,synonym
Dysschema tricolor,Dysschema guaranitica,0.8504,synonym
Dysschema tricolor,Dysschema turbida,0.807,synonym
Dysschema leucophaea,Dysschema flora,0.9227,synonym
Dysschema leucophaea,Dysschema rubrimargo,0.8807,synonym
Dysschema leucophaea,Dysschema salvatoris,0.8689,synonym
Dysschema rosina,Dysschema nigriventralis,0.9055,synonym
Dysschema hilarina,Dysschema biformis,0.9226,synonym
Dysschema hilarina,Dysschema fulva,0.9379,synonym
Dysschema hilarina,Dysschema mutata,0.9446,synonym
Dysschema trapeziata,Dysschema regalis,0.9201,synonym
Dysschema trapeziata,Dysschema rubripicta,0.9572,synonym
Dysschema trapeziata,Dysschema woodii,0.7892,synonym
Dysschema dissimulata,Dysschema madana,0.9342,synonym
Dysschema dissimulata,Dysschema nigerrima,0.9144,synonym
Dysschema dissimulata,Dysschema nigrodiscalis,0.8904,synonym
Dysschema picta,Dysschema capella,0.8966,synonym
Dysschema marginalis,Dysschema crassifascia,0.9116,synonym
Dysschema marginalis,Dysschema dissimulans,0.8901,synonym
Dysschema palmeri,Dysschema practidoides,0.9371,synonym
Dysschema magdala,Dysschema fortis,0.9349,synonym
Dysschema magdala,Dysschema lygdamis,0.9394,synonym
Dysschema magdala,Dysschema panamensis,0.9418,synonym
Dysschema bivittata,Dysschema disjuncta,0.8973,synonym
Dysschema irene,Dysschema splendidissima,0.8985,synonym
Dysschema subapicalis,Dysschema inclusa,0.9079,synonym
Dysschema subapicalis,Dysschema noctuites,0.8984,synonym
Dysschema subapicalis,Dysschema parnassiodes,0.9322,synonym
Dysschema subapicalis,Dysschema parnassioides,0.9522,synonym
Dysschema subapicalis,Dysschema tristis,0.8866,synonym
Dysschema neda,Dysschema nubila,0.9308,synonym
Dysschema neda,Dysschema submarginata,0.8625,synonym
Dysschema mariamne,Dysschema mariane,0.9576,synonym
Dysschema mariamne,Dysschema thetis,0.9009,synonym
Dysschema terminata,Dysschema holofernes,0.9272,synonym
Dysschema centenaria,Dysschema obscura,0.8973,synonym
Dysschema sacrifica,Dysschema crucifera,0.8859,synonym
Dysschema lycaste,Dysschema cydon,0.9303,synonym
Dysschema lycaste,Dysschema iscariotes,0.9271,synonym
Dysschema lycaste,Dysschema praetides,0.9045,synonym
Dysschema lycaste,Dysschema tibesis,0.8691,synonym
Dysschema hypoxantha,Dysschema sibylla,0.9343,synonym
Dysschema viuda,Dysschema vidua,0.951,synonym
Dysschema boisduvalii,Dysschema funeralis,0.7936,synonym
Chrysograpta igneola,Egnasia igneola,0.7861,synonym
Mursa phtisialis,Mursa calisalis,0.9246,synonym
Mursa phtisialis,Mursa comptalis,0.8984,synonym
Mursa phtisialis,Mursa disparatalis,0.962,synonym
Mursa phtisialis,Mursa gracilis,0.9134,synonym
Mursa phtisialis,Mursa judicatalis,0.832,synonym
Mursa phtisialis,Mursa maceria,0.9402,synonym
Mursa phtisialis,Mursa marica,0.9012,synonym
Mursa phtisialis,Mursa sotiusalis,0.8721,synonym
Mursa phtisialis,Mursa subrufa,0.9095,synonym
Lophotavia incivilis,Lophotavia merulina,0.8646,synonym
Lophotavia incivilis,Lophotavia nigrocyanea,0.7456,synonym
Lophotavia pulcherrima,Lophotavia prunicolora,0.9683,synonym
Ctenosia psectriphora,Pusiola psectriphora,0.9293,synonym
Creatonotos dulla,Creatonotos aurantiaca,0.8114,synonym
Creatonotos dulla,Creatonotos borealis,0.819,synonym
Creatonotos gangis,Creatonotos continuatus,0.843,synonym
Creatonotos gangis,Creatonotos flavoabdominalis,0.948,synonym
Creatonotos gangis,Creatonotos francisca,0.8718,synonym
Creatonotos gangis,Creatonotos interrupta,0.9346,synonym
Creatonotos gangis,Creatonotos nigrescens,0.8301,synonym
Creatonotos gangis,Creatonotos pallida,0.8955,synonym
Creatonotos gangis,Phalaena gangis,0.8792,synonym
Creatonotos leucanioides,Creatonotos brunnipennis,0.9439,synonym
Creatonotos punctivitta,Spilosoma punctivitta,0.9349,synonym
Creatonotos transiens,Aloa isabellina,0.8313,synonym
Creatonotos transiens,Amphissa vacillans,0.8552,synonym
Creatonotos transiens,Creatonotos vacillans,0.9449,synonym
Cabardites limbata,Aemene formosibia,0.7927,synonym
Cabardites limbata,Aemene shirakii,0.8307,synonym
Cabardites limbata,Miltochrista limbata,0.9492,synonym
Cabardites maculata,Adites maculata,0.9488,synonym
Cabardites maculata,Aemene maculata,0.9403,synonym
Cabardites maculata,Nudaria maculata,0.9044,synonym
Cabardites pica,Aemene fuscipennis,0.8374,synonym
Cabardites pica,Miltochrista pica,0.9373,synonym
Cabardites pica,Parasiccia fuscipennis,0.7953,synonym
Diaphora mendica,Arctia mendica,0.8922,synonym
Diaphora mendica,Bombyx mendica,0.8565,synonym
Diaphora mendica,Chelonia mendica,0.9467,synonym
Diaphora mendica,Cycnia mendica,0.9052,synonym
Diaphora mendica,Diacrisia mendica,0.9301,synonym
Diaphora mendica,Spilosoma albinotata,0.7283,synonym
Diaphora mendica,Spilosoma binaghii,0.6826,not synonym
Diaphora mendica,Spilosoma circumpunctata,0.723,synonym
Diaphora mendica,Spilosoma depuncta,0.6697,not synonym
Diaphora mendica,Spilosoma inversa,0.8603,synonym
Diaphora mendica,Spilosoma mendica,0.892,synonym
Diaphora mendica,Spilosoma mendicana,0.7483,synonym
Diaphora mendica,Spilosoma murina,0.7833,synonym
Diaphora mendica,Spilosoma nigrociliata,0.738,synonym
Diaphora mendica,Spilosoma sabulosa,0.8126,synonym
Diaphora mendica,Spilosoma standfussi,0.769,synonym
Diaphora mendica,Spilosoma substriata,0.7428,synonym
Diaphora mendica,Spilosoma syra,0.7028,synonym
Diaphora sordida,Chelonia sordida,0.9653,synonym
Diaphora sordida,Cycnia sordida,0.9328,synonym
Alphaea imbuta,Arctia imbuta,0.8624,synonym
Alphaea imbuta,Estigmene femina,0.7417,synonym
Alphaea imbuta,Estigmene imbuta,0.8864,synonym
Alphaea imbuta,Estigmene khasiana,0.8057,synonym
Alphaea imbuta,Estigmene normalis,0.7351,synonym
Alphaea imbuta,Estigmene sikkimensis,0.8098,synonym
Alphaea imbuta,Nayaca imbuta,0.8664,synonym
Alphaea impleta,Hypercompa impleta,0.8124,synonym
Alphaea impleta,Spilosoma impleta,0.8349,synonym
Alphaea impleta,Spilosoma simplicicilia,0.8122,synonym
Bertula sphaerula,Asthala sphaerula,0.9467,synonym
Bertula pulla,Bleptina pulla,0.9302,synonym
Bertula momusalis,Bocana momusalis,0.952,synonym
Bertula momusalis,Hydrillodes momusalis,0.9289,synonym
Bertula micealis,Bleptina micealis,0.8358,synonym
Bertula insignifica,Adrapsa murina,0.8635,synonym
Bertula incongruens,Bertula amurensis,0.8174,synonym
Bertula centralis,Bleptina grimsgaardi,0.878,synonym
Bertula depressalis,Bertula similalis,0.9421,synonym
Bertula depressalis,Sitophora depressalis,0.9738,synonym
Bertula inconspicua,Bleptina inconspicua,0.9179,synonym
Bertula hadenalis,Bertula alikangialis,0.9593,synonym
Bertula hadenalis,Bertula ruptistigma,0.8421,synonym
Bertula abjudicalis,Bertula tumidalis,0.8758,synonym
Bertula abjudicalis,Bocana tumidalis,0.8438,synonym
Bertula rufosa,Badiza rufosa,0.827,synonym
Bertula delosticha,Bleptina delosticha,0.9485,synonym
Bertula tespilalis,Neviasca tespilalis,0.8622,synonym
Bertula tespilalis,Plusia albosignata,0.9132,synonym
Bertula carta,Bleptina carta,0.9319,synonym
Bertula picta,Bleptina picta,0.9649,synonym
Bertula partita,Bertula leucopis,0.7548,synonym
Miniodes phaeosoma,Miniodes phaeosomella,0.9635,synonym
Miniodes phaeosoma,Miniodes phaeosomoides,0.9472,synonym
Gorgonidia garleppi,Gorgonidia mirabilior,0.792,synonym
Heliohemonia monosticta,Heliosia monosticta,0.9674,synonym
Disca arborita,Disca arbovia,0.9454,synonym
Africalpe intrusa,Oraesia anubis,0.8423,synonym
Arugisa latiorella,Arugisa watsoni,0.8668,synonym
Euagra coelestina,Euagra interclusa,0.9504,synonym
Euagra intercisa,Euagra auxo,0.8876,synonym
Metaphoenia plagifera,Thermesia plagifera,0.9241,synonym
Metaphoenia rhodias,Metaphoenia metarhoda,0.9292,synonym
Barsaurea diehli,Lyclene diehli,0.7475,synonym
Barsaurea phaeoxanthia,Barsine phaeoxanthia,0.8383,synonym
Barsaurea phaeoxanthia,Miltochrista phaeoxantha,0.9636,synonym
Barsaurea phaeoxanthia,Miltochrista phaeoxanthia,0.9678,synonym
Lepidolutzia baucis,Lepidolutzia bombycina,0.9613,synonym
Lepidolutzia baucis,Lepidolutzia costistrigata,0.9347,synonym
Lepidolutzia baucis,Lepidolutzia dukinfieldia,0.8858,synonym
Donuca castalia,Calliodes saturatior,0.7237,synonym
Donuca spectabilis,Donuca memorabilis,0.9645,synonym
Donuca spectabilis,Donuca queenslandica,0.9216,synonym
Donuca spectabilis,Donuca spectabilica,0.9703,synonym
Donuca spectabilis,Donuca yorkensis,0.8356,synonym
Donuca spectabilis,Donuca yorkensis,0.8356,synonym
Donuca spectabilis,Serrodes xanthorrhoea,0.8135,synonym
Icteritilema nyassana,Phryganopsis nyassana,0.7949,synonym
Icteritilema nyassana,Pusiola nyassana,0.807,synonym
Diomea absorbens,Corsa absorbens,0.9092,synonym
Diomea dialitha,Pangrapta dialitha,0.8739,synonym
Diomea diffusifascia,Corsa molybdopasta,0.8655,synonym
Diomea insulana,Diomea jankowskii,0.8593,synonym
Diomea lignicolora,Zigera suvarnadivipae,0.9231,synonym
Diomea lignicolora,Zigera suvarnadivpae,0.7718,synonym
Diomea orbifera,Zigera lichenosa,0.9197,synonym
Diomea orbifera,Zigera orbifera,0.9651,synonym
Diomea tricuspida,Zigera tricuspida,0.9518,synonym
Elysius castanea,Elysius suffusa,0.9195,synonym
Elysius cingulata,Elysius deleta,0.8872,synonym
Elysius cingulata,Elysius demaculata,0.9361,synonym
Elysius cingulata,Elysius pauper,0.8222,synonym
Elysius disciplaga,Elysius aperta,0.8736,synonym
Elysius disciplaga,Elysius breviuscula,0.7715,synonym
Elysius lavinia,Elysius lavinea,0.9326,synonym
Choerotricha atrosquama,Choerotricha enunciativa,0.9547,synonym
Choerotricha atrosquama,Choerotricha enunciativoides,0.885,synonym
Choerotricha atrosquama,Choerotricha glandulosa,0.7455,synonym
Choerotricha biflava,Euproctis biflava,0.8302,synonym
Choerotricha indistincta,Euproctis indistincta,0.882,synonym
Euippodes euprepes,Euippodes subnigra,0.931,synonym
Callindra arginalis,Callindra gigantea,0.9254,synonym
Callindra equitalis,Callimorpha equitalis,0.9525,synonym
Callindra equitalis,Euprepia equitalis,0.9385,synonym
Callindra lenzeni,Callimorpha lenzeni,0.8514,synonym
Callindra nepos,Callimorpha eques,0.8571,synonym
Callindra nepos,Callimorpha nepos,0.9432,synonym
Callindra nyctemerata,Callimorpha nyctemerata,0.9391,synonym
Callindra nyctemerata,Hypercompa nyctemerata,0.9064,synonym
Callindra principalis,Callimorpha principalis,0.9307,synonym
Callindra principalis,Euprepia principalis,0.907,synonym
Callindra similis,Callimorpha similis,0.9361,synonym
Callindra similis,Hypercompa similis,0.8025,synonym
Neidalia bifasciata,Eupsodosoma bifasciata,0.6793,not synonym
Neidalia bifasciata,Phalaena bifasciata,0.698,not synonym
Margana tenuilinea,Rhesala tenuilinea,0.8744,synonym
Leucanopsis nebulosa,Leucanopsis epinephete,0.8162,synonym
Leucanopsis polyodonta,Leucanopsis polydonta,0.9717,synonym
Leucanopsis pulverea,Leucanopsis pulveria,0.9744,synonym
Leucanopsis dogniniana,Leucanopsis fassli,0.9411,synonym
Leucanopsis racema,Halisidota racema,0.9074,synonym
Leucanopsis lurida,Leucanopsis otho,0.8418,synonym
Leucanopsis coniota,Leucanopsis coniata,0.9633,synonym
Leucanopsis leucanina,Leucanopsis infucata,0.9617,synonym
Leucanopsis leucanina,Leucanopsis phellia,0.9596,synonym
Litocala sexsignata,Litocala deserta,0.8747,synonym
Garudinodes trizona,Garudinodes affinis,0.9252,synonym
Dyops chromatophila,Dyops ocellata,0.8494,synonym
Cyme anaemica,Asura anaemica,0.8654,synonym
Cyme analogus,Asura analogus,0.7804,synonym
Cyme aroa,Asura aroa,0.8632,synonym
Cyme aroa,Asura fasciolata,0.7853,synonym
Cyme asuroides,Asura asuroides,0.9104,synonym
Cyme asuroides,Melanaema asuroides,0.9057,synonym
Cyme avernalis,Asura avernalis,0.8648,synonym
Cyme avernalis,Asura bougainvillei,0.7947,synonym
Cyme avernalis,Asura floridensis,0.8088,synonym
Cyme avernalis,Asura isabellina,0.8377,synonym
Cyme avernalis,Miltochrista avernalis,0.8844,synonym
Cyme basitesselata,Asura basitesselata,0.9042,synonym
Cyme basitesselata,Lyclene basitesselata,0.9526,synonym
Cyme basitesselata,Miltochrista basitessellata,0.9106,synonym
Cyme biagi,Asura biagi,0.8316,synonym
Cyme biagi,Asura coccineoflammeus,0.8264,synonym
Cyme biagi,Miltochrista biagi,0.8735,synonym
Cyme celebensis,Miltasura celebensis,0.9304,synonym
Cyme coccineotermen,Miltochrista coccineotermen,0.8946,synonym
Cyme crocota,Asura crocota,0.8712,synonym
Cyme effasciata,Lithosia cinnabarina,0.8905,synonym
Cyme effasciata,Miltochrista cinnabarina,0.8843,synonym
Cyme effasciata,Miltochrista effasciata,0.9116,synonym
Cyme euprepioides,Asura samboanganus,0.8854,synonym
Cyme euprepioides,Barsine euprepioides,0.8939,synonym
Cyme euprepioides,Hypocrita inclusa,0.8016,synonym
Cyme euprepioides,Hypoprepia euprepioides,0.9359,synonym
Cyme feminina,Asura feminina,0.9102,synonym
Cyme haemachroa,Asura haemachroa,0.8827,synonym
Cyme insularis,Asura insularis,0.8874,synonym
Cyme metascota,Asura metascota,0.8772,synonym
Cyme metascota,Asura suffusa,0.7938,synonym
Cyme miltochristaemorpha,Asura aureorosea,0.7787,synonym
Cyme miltochristaemorpha,Asura miltochristaemorpha,0.931,synonym
Cyme miltochristaemorpha,Miltochrista aureorosea,0.8622,synonym
Cyme miltochristina,Asura miltochristina,0.9048,synonym
Cyme multidentata,Miltochrista multidentata,0.8849,synonym
Cyme phryctopa,Asura phryctopa,0.9111,synonym
Cyme phryctopa,Calligenia phryctopa,0.9077,synonym
Cyme pyraula,Calligenia pyraula,0.9192,synonym
Cyme pyraula,Lyclene pyraula,0.944,synonym
Cyme pyrostrota,Asura pyrostrota,0.8814,synonym
Cyme pyrrhauloides,Asura pyrrhauloides,0.9096,synonym
Cyme quadrifasciata,Asura quadrifasciata,0.8862,synonym
Cyme quadrilineata,Calligenia melitaula,0.8601,synonym
Cyme quadrilineata,Calligenia quadrilineata,0.9369,synonym
Cyme quadrilineata,Lyclene melitaula,0.9039,synonym
Cyme quadrilineata,Lyclene quadrilineata,0.959,synonym
Cyme quadrilineata,Lyclene simulans,0.9214,synonym
Cyme quadrilineata,Miltochrista simulans,0.8819,synonym
Cyme reticulata,Barsine intrita,0.8278,synonym
Cyme reticulata,Barsine placens,0.7201,synonym
Cyme reticulata,Calligenia cyclota,0.9216,synonym
Cyme reticulata,Lyclene cyclota,0.7368,synonym
Cyme reticulata,Lyclene intrita,0.8332,synonym
Cyme reticulata,Lyclene placens,0.8256,synonym
Cyme reticulata,Lyclene reticulata,0.9547,synonym
Cyme septemmaculata,Asura septemmaculata,0.9203,synonym
Cyme septemmaculata,Hypocrita septemmaculata,0.9186,synonym
Cyme serratilinea,Lyclene serratilinea,0.9415,synonym
Cyme serratilinea,Pallene serratilinea,0.8461,synonym
Cyme sexualis,Asura cancellata,0.8716,synonym
Cyme sexualis,Asura effulgens,0.8799,synonym
Cyme sexualis,Asura mylea,0.8762,synonym
Cyme sexualis,Asura sexualis,0.8889,synonym
Cyme sexualis,Miltochrista cancellata,0.8265,synonym
Cyme sexualis,Miltochrista quadrifasciata,0.838,synonym
Cyme structa,Lyclene pyrrhopsamma,0.7922,synonym
Cyme structa,Lyclene structa,0.9065,synonym
Cyme structa,Pallene structa,0.7682,synonym
Cyme structa,Prinasura pyrrhopsamma,0.7875,synonym
Cyme suavis,Asura suavis,0.8324,synonym
Cyme suavis,Calligenia suavis,0.8069,synonym
Cyme triangularis,Asura triangularis,0.9157,synonym
Cyme vepallida,Miltochrista vepallida,0.8782,synonym
Cyme vivida,Asura vivida,0.8377,synonym
Cyme vivida,Barsine vivida,0.9202,synonym
Cyme wandammenseae,Asura wandammenseae,0.9544,synonym
Cyme xantherythra,Asura xantherythra,0.9279,synonym
Nyridela chalciope,Isanthrene chalciope,0.8506,synonym
Nyridela chalciope,Nyridela acroxantha,0.9076,synonym
Acantharctia latifusca,Acantharctia aurantiaca,0.9089,synonym
Acantharctia latifusca,Acantharctia flavimarginata,0.9767,synonym
Acantharctia latifusca,Acantharctia suffusa,0.9712,synonym
Acantharctia latifusca,Acantharctia tenebrosa,0.9398,synonym
Acantharctia mundata,Acantharctia atridorsia,0.7921,synonym
Euclystis angularis,Euclystis inconstans,0.9399,synonym
Euclystis centurialis,Euclystis invidiosa,0.9336,synonym
Euclystis insana,Amphigonia insana,0.9275,synonym
Euclystis insana,Euclystis bendina,0.9406,synonym
Euclystis insana,Euclystis facunda,0.9435,synonym
Euclystis insana,Euclystis vulgaris,0.9435,synonym
Euclystis insana,Focilla facunda,0.8354,synonym
Euclystis isoa,Amphigonia isoa,0.8864,synonym
Euclystis isoa,Euclystis epulea,0.9362,synonym
Euclystis isoa,Euclystis turbulenta,0.9513,synonym
Euclystis manto,Euclystis homopteroides,0.8904,synonym
Euclystis manto,Euclystis postponens,0.8987,synonym
Euclystis metagona,Euclystis agava,0.9058,synonym
Euclystis metagona,Euclystis sublineata,0.9361,synonym
Euclystis plusioides,Euclystis laceroides,0.971,synonym
Euclystis polyoperas,Euclystis polioperas,0.8671,synonym
Euclystis recurva,Euclystis consurgens,0.952,synonym
Euclystis sytis,Euclystis lacaena,0.8919,synonym
Andrenimorpha sephela,Erruca sephela,0.8141,synonym
Andrenimorpha sephela,Gymnelia sephela,0.9349,synonym
Gymnelia beatrix,Gymnelia scintillans,0.9322,synonym
Gymnelia ethodaea,Gymnelia patagiata,0.9573,synonym
Gymnelia flavitarsis,Gymnelia scitillans,0.9321,synonym
Gymnelia jordani,Gymnelia ottonis,0.9119,synonym
Gymnelia nigricornis,Gymnelia stretchi,0.924,synonym
Gymnelia scita,Gymnelia hilaris,0.9624,synonym
Gymnelia taos,Gymnelia jujuyensis,0.8799,synonym
Gymnelia vesparia,Gymnelia odyneroides,0.9464,synonym
Adites bakeri,Asura bakeri,0.9249,synonym
Adites bizonoides,Adites tabida,0.6911,not synonym
Adites bizonoides,Adites tibada,0.7256,synonym
Adites bizonoides,Lyclene bizonoides,0.9388,synonym
Adites hilaris,Asura hilaris,0.9436,synonym
Adites hilaris,Doliche hilaris,0.8851,synonym
Adites mindanensis,Asura mindanensis,0.9391,synonym
Adites ocellata,Asura ocellata,0.9368,synonym
Adites unilinea,Asura unilinea,0.9168,synonym
Adites unilinea,Miltochrista unilinea,0.8832,synonym
Adites vagilinea,Lyclene vagilinea,0.9273,synonym
Kintana ocellatula,Kintana ocellata,0.9819,synonym
Ochrotilema curta,Onychipodia curta,0.9237,synonym
Ochrotilema curta,Pusiola curta,0.8791,synonym
Ochrotilema flavicosta,Phryganopsis flavicosta,0.9193,synonym
Ochrotilema hampsoni,Pseudlepista flavicosta,0.8605,synonym
Stenoglene cinerea,Stenoglene maculifera,0.9051,synonym
Stenoglene hilaris,Stenoglene bithynia,0.8187,synonym
Stenoglene obtusus,Stenoglene aequidistans,0.7313,synonym
Stenoglene obtusus,Stenoglene evanescens,0.7527,synonym
Stenoglene obtusus,Stenoglene labda,0.9114,synonym
Stenoglene obtusus,Stenoglene subcrocea,0.9156,synonym
Stenoglene obtusus,Stenoglene tristis,0.9059,synonym
Stenoglene opalina,Stenoglene peropalinus,0.8875,synonym
Stenoglene pellucida,Stenoglene novempunctatus,0.7931,synonym
Stenoglene plagiatus,Stenoglene grandiplaga,0.9042,synonym
Stenoglene roseus,Stenoglene elgonae,0.7952,synonym
Stenoglene roseus,Stenoglene flavidior,0.8962,synonym
Stenoglene roseus,Stenoglene gregorii,0.927,synonym
Stenoglene roseus,Stenoglene monteironis,0.9586,synonym
Stenoglene roseus,Stenoglene pulverulentus,0.8958,synonym
Stenoglene roseus,Stenoglene similis,0.9307,synonym
Sangatissa subcurvifera,Sangatissa albipars,0.9011,synonym
Sangatissa subcurvifera,Sangatissa citrinula,0.896,synonym
Sangatissa subcurvifera,Sangatissa teta,0.8629,synonym
Sangatissa subcurvifera,Sangatissa triseriata,0.9328,synonym
Poloma angulata,Poloma angulifera,0.9279,synonym
Poloma angulata,Poloma incompta,0.8926,synonym
Poloma angulata,Poloma janula,0.9176,synonym
Poloma nigromaculata,Poloma nahor,0.8234,synonym
Phyllalia alboradiata,Phyllalia acuta,0.9574,synonym
Phyllalia patens,Phyllalia concolor,0.9507,synonym
Phyllalia patens,Phyllalia ochrina,0.9355,synonym
Phyllalia thunbergii,Phyllalia incerta,0.9132,synonym
Phiala alba,Phiala pagagna,0.9169,synonym
Phiala alba,Phiala strigifera,0.9542,synonym
Phiala albida,Euchera abluta,0.9047,synonym
Phiala albida,Phiala abluta,0.9506,synonym
Phiala bistrigata,Phiala curvistriga,0.9425,synonym
Phiala bistrigata,Phiala curvistrigata,0.9506,synonym
Phiala costipuncta,Phiala angola,0.9352,synonym
Phiala costipuncta,Phiala inferiora,0.7697,synonym
Phiala costipuncta,Phiala ochritincta,0.9511,synonym
Phiala costipuncta,Phiala punctilinea,0.9482,synonym
Phiala costipuncta,Phiala xanthosoma,0.9181,synonym
Phiala crassistriga,Phiala incurva,0.9168,synonym
Phiala cunina,Euchera cunicaria,0.9064,synonym
Phiala cunina,Euchera fervidaria,0.9411,synonym
Phiala cunina,Euchera nivea,0.9154,synonym
Phiala cunina,Euchera ochriventris,0.9036,synonym
Phiala cunina,Phiala fervidaria,0.9514,synonym
Phiala cunina,Phiala nivea,0.8961,synonym
Phiala incana,Phiala arrecta,0.8053,synonym
Phiala marshalli,Phiala reussi,0.825,synonym
Phiala nigrolineata,Phiala chrysargyra,0.9417,synonym
Phiala nigrolineata,Phiala nigrovenata,0.9813,synonym
Phiala nigrolineata,Phiala ochrescens,0.9116,synonym
Phiala nigrolineata,Phiala rubrivena,0.9359,synonym
Phiala pseudatomaria,Phiala sigyna,0.8749,synonym
Phiala pseudatomaria,Phiala sublimbalis,0.8973,synonym
Phiala pseudatomaria,Stenoglene sigyna,0.736,synonym
Phiala punctulata,Phiala nyassana,0.9099,synonym
Phiala venusta,Phiala angulata,0.8368,synonym
Parajana gabunica,Parajana lamani,0.8951,synonym
Parajana gabunica,Parajana marmorata,0.9676,synonym
Panacela lewinae,Panacela hirta,0.9302,synonym
Panacela lewinae,Panacela pilosa,0.9521,synonym
Panacela lewinae,Panacela pristina,0.8199,synonym
Panacela lewinae,Panacela rufescens,0.9562,synonym
Panacela lewinae,Panacela simplex,0.9031,synonym
Panacela lewinae,Panacela sobria,0.9449,synonym
Panacela lewinae,Panacela transiens,0.9104,synonym
Panacela signicosta,Panacela fuscocervina,0.8059,synonym
Palirisa cervina,Palirisa burmanica,0.8943,synonym
Palirisa mosoensis,Palirisa angustifasciata,0.9505,synonym
Palirisa mosoensis,Palirisa chocolatina,0.8444,synonym
Palirisa mosoensis,Palirisa curvilineata,0.9436,synonym
Palirisa mosoensis,Palirisa roseitincta,0.9298,synonym
Palirisa mosoensis,Palirisa significata,0.8113,synonym
Nisaga simplex,Nisaga modesta,0.7675,synonym
Melanergon vidua,Melanergon fergussonis,0.9183,synonym
Melanergon vidua,Melanergon louisiadensis,0.9285,synonym
Melanergon vidua,Melanergon proserpina,0.9523,synonym
Marmaroplegma paragarda,Marmaroplegma clio,0.8905,synonym
Marmaroplegma paragarda,Marmaroplegma lineosa,0.8415,synonym
Janomima dannfelti,Janomima claria,0.8555,synonym
Janomima dannfelti,Janomima deduplicata,0.8011,synonym
Janomima dannfelti,Janomima mesundulata,0.818,synonym
Janomima dannfelti,Janomima ochrea,0.9084,synonym
Janomima mariana,Janomima mariana,1.0,synonym
Janomima mariana,Janomima nigricans,0.9013,synonym
Janomima mariana,Janomima westwoodi,0.8771,synonym
Jana eurymas,Jana caesarea,0.7674,synonym
Jana eurymas,Jana transvaalica,0.812,synonym
Jana gracilis,Gracilanja polymorpha,0.7809,synonym
Jana gracilis,Jana grisea,0.7987,synonym
Jana gracilis,Jana polymorpha,0.9241,synonym
Jana gracilis,Jana rosea,0.8367,synonym
Jana strigina,Jana agrippa,0.8978,synonym
Jana strigina,Jana camerunica,0.9502,synonym
Jana strigina,Jana nobilis,0.9569,synonym
Jana strigina,Striginiana agrippa,0.7989,synonym
Jana strigina,Striginiana camerunica,0.841,synonym
Jana strigina,Striginiana nobilis,0.7876,synonym
Jana tantalus,Jana crepax,0.9034,synonym
Jana tantalus,Jana signifera,0.8093,synonym
Jana tantalus,Tantaliana crepax,0.8925,synonym
Jana tantalus,Tantaliana signifera,0.8668,synonym
Jana tripunctata,Jana rustica,0.8949,synonym
Hibrildes crawshayi,Hibrildes albescens,0.7183,synonym
Hibrildes crawshayi,Hibrildes albopunctata,0.6798,not synonym
Hibrildes crawshayi,Hibrildes ansorgei,0.7022,synonym
Hibrildes crawshayi,Hibrildes bicolor,0.7523,synonym
Hibrildes crawshayi,Hibrildes craushayi,0.7424,synonym
Hibrildes crawshayi,Hibrildes fuscata,0.7074,synonym
Hibrildes crawshayi,Hibrildes neavi,0.6618,not synonym
Hibrildes crawshayi,Hibrildes venosa,0.6768,not synonym
Hibrildes norax,Hibrildes carpenteri,0.8301,synonym
Hibrildes norax,Hibrildes sheffieldi,0.8781,synonym
Hibrildes norax,Hibrildes spiritalis,0.9182,synonym
Hemijana semijana,Hemijana distincta,0.9284,synonym
Hemijana subrosea,Hemijana ruberrima,0.8984,synonym
Gonojana dimidiata,Gonojana tenuis,0.8681,synonym
Eupterote citrina,Eupterote lutosa,0.9476,synonym
Eupterote diffusa,Eupterote primularis,0.926,synonym
Eupterote domina,Eupterote pulchra,0.9322,synonym
Eupterote fabia,Eupterote alternata,0.915,synonym
Eupterote fabia,Eupterote auriflua,0.9209,synonym
Eupterote fabia,Eupterote discordens,0.9065,synonym
Eupterote fabia,Eupterote fasciata,0.9488,synonym
Eupterote fabia,Eupterote gyra,0.9401,synonym
Eupterote fabia,Eupterote immutata,0.9006,synonym
Eupterote fabia,Eupterote lucia,0.9559,synonym
Eupterote fabia,Eupterote mutans,0.8477,synonym
Eupterote fabia,Eupterote ochripicta,0.9292,synonym
Eupterote fabia,Eupterote permutata,0.9249,synonym
Eupterote fabia,Pararhodia acuminalba,0.8061,synonym
Eupterote flavicollis,Eupterote adolphaei,0.9108,synonym
Eupterote flavicollis,Eupterote collaris,0.9521,synonym
Eupterote flavida,Eupterote acinea,0.92,synonym
Eupterote flavida,Eupterote procumbens,0.9214,synonym
Eupterote hibisci,Eupterote anada,0.9364,synonym
Eupterote hibisci,Eupterote geminata,0.9256,synonym
Eupterote hibisci,Eupterote lineata,0.8932,synonym
Eupterote hibisci,Eupterote petosiris,0.8969,synonym
Eupterote hibisci,Eupterote phalaenaria,0.8558,synonym
Eupterote hibisci,Eupterote placida,0.905,synonym
Eupterote mollifera,Eupterote anthereata,0.8923,synonym
Eupterote mollifera,Eupterote canaraica,0.9147,synonym
Eupterote mollifera,Eupterote contaminata,0.9098,synonym
Eupterote mollifera,Eupterote flava,0.8598,synonym
Eupterote mollifera,Eupterote flavia,0.8587,synonym
Eupterote mollifera,Eupterote lativittata,0.8654,synonym
Eupterote mollifera,Eupterote mollis,0.9575,synonym
Eupterote mollifera,Eupterote multiarcuata,0.9167,synonym
Eupterote mollifera,Eupterote nilgirica,0.9012,synonym
Eupterote mollifera,Eupterote ornata,0.9525,synonym
Eupterote mollifera,Eupterote rectifascia,0.9376,synonym
Eupterote mollifera,Eupterote rufodisca,0.906,synonym
Eupterote orientalis,Eupterote aenescens,0.9463,synonym
Eupterote orientalis,Eupterote plumipes,0.8994,synonym
Eupterote orientalis,Eupterote quadrifasciata,0.9393,synonym
Eupterote orientalis,Eupterote rubiginosa,0.9423,synonym
Eupterote patula,Eupterote abnorminervis,0.8095,synonym
Eupterote patula,Eupterote dehyalinata,0.9259,synonym
Eupterote patula,Eupterote khasiana,0.9323,synonym
Eupterote patula,Eupterote undulosa,0.8991,synonym
Eupterote undata,Eupterote affinis,0.9259,synonym
Eupterote undata,Eupterote caliginosa,0.9303,synonym
Eupterote undata,Eupterote cinnamomea,0.8977,synonym
Eupterote undata,Eupterote consimilis,0.9306,synonym
Eupterote undata,Eupterote cupreipennis,0.9307,synonym
Eupterote undata,Eupterote decorata,0.9252,synonym
Eupterote undata,Eupterote diabolica,0.8531,synonym
Eupterote undata,Eupterote dissimilis,0.9299,synonym
Eupterote undata,Eupterote griseipennis,0.9216,synonym
Eupterote undata,Eupterote hirsuta,0.9555,synonym
Eupterote undata,Eupterote ignavus,0.9335,synonym
Eupterote undata,Eupterote imbecilis,0.8791,synonym
Eupterote undata,Eupterote invalida,0.9112,synonym
Eupterote undata,Eupterote nigricans,0.8976,synonym
Eupterote undata,Eupterote persimilis,0.9364,synonym
Eupterote undata,Eupterote similis,0.938,synonym
Eupterote undata,Eupterote sinuata,0.9143,synonym
Eupterote undata,Eupterote subdita,0.9372,synonym
Eupterote undata,Eupterote suffusa,0.9338,synonym
Eupterote undata,Eupterote taooensis,0.902,synonym
Eupterote undata,Eupterote undifera,0.9368,synonym
Eupterote undata,Eupterote variegata,0.9517,synonym
Eupterote undata,Eupterote vinosa,0.8917,synonym
Epijana cosmia,Epijana lanosa,0.9078,synonym
Epijana cosmia,Epijana velutonia,0.9375,synonym
Ebbepterote expansa,Anthela expansa,0.8212,synonym
Drepanojana fasciata,Drepanojana apicalis,0.951,synonym
Drepanojana fasciata,Drepanojana maeonia,0.9504,synonym
Cyrtojana trilineata,Cyrtojana apithana,0.9642,synonym
Cotana albomaculata,Cotana ovata,0.9535,synonym
Cotana dubia,Cotana doricrana,0.9176,synonym
Cotana erectilinea,Cotana setakwensis,0.9111,synonym
Cotana kebeae,Cotana grandis,0.9097,synonym
Cotana lunulata,Cotana albaserrati,0.9649,synonym
Cotana lunulata,Cotana occidentalis,0.9408,synonym
Cotana lunulata,Cotana satisbona,0.8227,synonym
Cotana lunulata,Cotana unicolor,0.938,synonym
Cotana rosselliana,Cotana diluta,0.9058,synonym
Cotana rubrescens,Cotana kapaura,0.796,synonym
Cotana rubrescens,Cotana oetakwensis,0.8615,synonym
Cotana rubrescens,Cotana turneri,0.926,synonym
Cotana serranotata,Darala consuta,0.7719,synonym
Cotana serranotata,Darala serranotata,0.9235,synonym
Camerunia flava,Camerunia lactiflora,0.9044,synonym
Camerunia orphne,Camerunia insignis,0.8705,synonym
Acrojana sciron,Acrojana ochracea,0.7498,synonym
Acrojana scutaea,Acrojana sanguineipes,0.8415,synonym
Acrojana scutaea,Acrojana sanguinipes,0.8263,synonym
Oreta brunnea,Psiloreta brunnea,0.9443,synonym
Oreta carnea,Agnidra carnea,0.9608,synonym
Oreta carnea,Cobanilla cardinalis,0.9065,synonym
Oreta carnea,Cobanilla hepatica,0.8592,synonym
Oreta carnea,Drepana berenica,0.8518,synonym
Oreta cervina,Oreta purpurissa,0.8568,synonym
Oreta cervina,Oreta rubicunda,0.847,synonym
Oreta cervina,Oreta rufibrunnea,0.8313,synonym
Oreta cervina,Oreta rufula,0.9377,synonym
Oreta extensa,Oreta adona,0.8941,synonym
Oreta extensa,Oreta figlina,0.9106,synonym
Oreta extensa,Oreta perfusa,0.9141,synonym
Oreta fulgens,Cobanilla fulgens,0.9294,synonym
Oreta fulgens,Cobanilla triumbrata,0.8828,synonym
Oreta fulgens,Oreta thaumalea,0.902,synonym
Oreta fuscopurpurea,Oreta fuscopurpurea,1.0,synonym
Oreta griseotincta,Mimoreta horishana,0.8718,synonym
Oreta griseotincta,Oreta nucicolor,0.899,synonym
Oreta insignis,Hypsomadius formosana,0.8414,synonym
Oreta insignis,Oreta formosana,0.9314,synonym
Oreta jaspidea,Cobanilla erminea,0.9114,synonym
Oreta jaspidea,Cobanilla fulvata,0.9308,synonym
Oreta jaspidea,Holoreta rubicunda,0.9304,synonym
Oreta jaspidea,Oreta hepatica,0.8994,synonym
Oreta jaspidea,Oreta hypocalla,0.8538,synonym
Oreta jaspidea,Oreta miltodes,0.8479,synonym
Oreta jaspidea,Oreta nigrostigma,0.9383,synonym
Oreta loochooana,Oreta formosicola,0.9081,synonym
Oreta loochooana,Oreta squamulata,0.9534,synonym
Oreta mollita,Oreta nigritacta,0.9607,synonym
Oreta obtusa,Psiloreta inconspicua,0.9213,synonym
Oreta obtusa,Psiloreta obliquilinea,0.9274,synonym
Oreta paki,Psiloreta paki,0.9527,synonym
Oreta pavaca,Oreta flavida,0.8242,synonym
Oreta pavaca,Psiloreta pavaca,0.9527,synonym
Oreta perfida,Oreta semiornata,0.7732,synonym
Oreta perfida,Oreta variegata,0.9151,synonym
Oreta pulchripes,Oreta auripes,0.9633,synonym
Oreta pulchripes,Oreta calceolaria,0.7064,synonym
Oreta pulchripes,Oreta chosenoreta,0.8072,synonym
Oreta pulchripes,Psiloreta thermidora,0.9143,synonym
Oreta rosea,Cilix americana,0.8462,synonym
Oreta rosea,Oreta irrorata,0.8783,synonym
Oreta rosea,Oreta marginata,0.9176,synonym
Oreta rosea,Platypteryx formula,0.8063,synonym
Oreta rubromarginata,Gonoreta subrosea,0.8823,synonym
Oreta sanguinea,Psiloreta sanguinea,0.9611,synonym
Oreta singapura,Oreta lilacina,0.8479,synonym
Oreta sublustris,Oreta nigristriata,0.9539,synonym
Oreta subvinosa,Oreta griseata,0.9027,synonym
Oreta subvinosa,Oreta olivata,0.829,synonym
Oreta suffusa,Psiloreta violacea,0.8801,synonym
Oreta turpis,Oreta calida,0.889,synonym
Amphitorna albipuncta,Psiloreta albipuncta,0.9746,synonym
Amphitorna castanea,Oreta castanea,0.9096,synonym
Amphitorna confusata,Cyclura confusata,0.7952,synonym
Amphitorna excisa,Cyclura excisa,0.698,not synonym
Amphitorna olga,Neoreta olga,0.9108,synonym
Amphitorna olga,Neoreta unicolor,0.8103,synonym
Amphitorna olga,Oreta loga,0.9114,synonym
Amphitorna olga,Oreta purpureofasciata,0.8803,synonym
Amphitorna olga,Tomocerota formosana,0.8696,synonym
Amphitorna perexcisa,Neoreta perexcisa,0.8402,synonym
Amphitorna rotundipex,Oreta rotundipex,0.9417,synonym
Amphitorna rotundipex,Psiloreta rotundopex,0.9377,synonym
Amphitorna submontana,Cyclura submontana,0.7454,synonym
Amphitorna trogoptera,Oreta trogoptera,0.9436,synonym
Amphitorna trogoptera,Procampsis trogoptera,0.9468,synonym
Tridrepana albonotata,Callidrepana ochrea,0.9246,synonym
Tridrepana albonotata,Drepana albonotata,0.9855,synonym
Tridrepana albonotata,Iridrepana glaciata,0.9267,synonym
Tridrepana albonotata,Iridrepana pervasata,0.8241,synonym
Tridrepana cervina,Iridrepana cervina,0.9021,synonym
Tridrepana examplata,Iridrepana examplata,0.7882,synonym
Tridrepana fulva,Drepana fulva,0.9638,synonym
Tridrepana fulvata,Drepana fulvata,0.9607,synonym
Tridrepana lunulata,Callidrepana lunulata,0.9306,synonym
Tridrepana lunulata,Iridrepana fasciata,0.8286,synonym
Tridrepana lunulata,Tridrepana fasciata,0.9584,synonym
Tridrepana lunulata,Tridrepana prolata,0.9533,synonym
Tridrepana obliquitaenia,Iridrepana obliquitaenia,0.9181,synonym
Tridrepana olivacea,Tridrepana elegans,0.9035,synonym
Tridrepana olivacea,Tridrepana semirufa,0.9149,synonym
Tridrepana olivacea,Tridrepana tristigma,0.858,synonym
Tridrepana postica,Drepana xanthoptera,0.8789,synonym
Tridrepana sadana,Drepana sadana,0.9136,synonym
Tridrepana sera,Tridrepana suffusa,0.8857,synonym
Tridrepana thermopasta,Drepana thermopasta,0.977,synonym
Urogonodes colorata,Urogonodes perrufa,0.9217,synonym
Urogonodes macrura,Urogonodes seminigra,0.8161,synonym
Urogonodes patiens,Psiloreta patiens,0.906,synonym
Urogonodes patiens,Psiloreta rufula,0.7692,synonym
Urogonodes patiens,Urogonodes ochracea,0.8019,synonym
Urogonodes patiens,Urogonodes sobria,0.8277,synonym
Urogonodes scintillans,Urogonodes inconspicua,0.8573,synonym
Gogana abnormalis,Trotothyris abnormalis,0.8851,synonym
Gogana bornormalis,Goagna bornormalis,0.9698,synonym
Gogana conwayi,Ametroptila conwayi,0.8656,synonym
Gogana cottrillii,Ametroptila cottrillii,0.9461,synonym
Gogana fragilis,Trotothyris fragilis,0.9417,synonym
Gogana integra,Gorgana integra,0.986,synonym
Gogana kerara,Phalacra kerara,0.8626,synonym
Gogana ossicolor,Ametroptila ossicolor,0.9062,synonym
Gogana semibrevis,Ametroptila semibrevis,0.8913,synonym
Gogana specularis,Goagna specularis,0.9096,synonym
Gogana tenera,Phalacra tenera,0.8457,synonym
Gogana turbinifera,Ametroptila turbinifera,0.8663,synonym
Wernya rufifasciata,Wernya fufifasciata,0.9717,synonym
Macrocilix mysticata,Macrocilix bidentata,0.9359,synonym
Macrocilix mysticata,Macrocilix flavotincta,0.92,synonym
Macrocilix mysticata,Macrocilix magna,0.9467,synonym
Ochropacha duplaris,Bombyx binotata,0.9033,synonym
Ochropacha duplaris,Cimatophora duplaris,0.9161,synonym
Ochropacha duplaris,Cymatophora argentea,0.914,synonym
Ochropacha duplaris,Cymatophora bipuncta,0.9075,synonym
Ochropacha duplaris,Cymatophora brabantia,0.8942,synonym
Ochropacha duplaris,Cymatophora britannica,0.9115,synonym
Ochropacha duplaris,Cymatophora clara,0.8973,synonym
Ochropacha duplaris,Cymatophora obscurata,0.9162,synonym
Ochropacha duplaris,Cymatophora pulverosa,0.8939,synonym
Ochropacha duplaris,Cymatophora undosa,0.9051,synonym
Ochropacha duplaris,Cymatophora unipunctata,0.9226,synonym
Ochropacha duplaris,Noctua bicolor,0.8817,synonym
Ochropacha duplaris,Noctua bicolorata,0.9188,synonym
Ochropacha duplaris,Noctua bipuncta,0.8921,synonym
Ochropacha duplaris,Ochropacha ruficollis,0.942,synonym
Ochropacha duplaris,Palimpsestis duplaris,0.9232,synonym
Ochropacha duplaris,Phalaena bipuncta,0.9025,synonym
Ochropacha duplaris,Tethea duplaris,0.8581,synonym
Euphalacra discipuncta,Ectothyris discipuncta,0.9539,synonym
Euphalacra semisecta,Ectothyris semisecta,0.9273,synonym
Euphalacra semisecta,Neophalacra laticornis,0.9094,synonym
Euphalacra trifenestrata,Ectothyris trifenestrata,0.9561,synonym
Eudeilinia herminiata,Eudeilinia biseriata,0.8369,synonym
Epicampoptera andersoni,Metadrepana andersoni,0.868,synonym
Epicampoptera erosa,Thymistida erosa,0.8601,synonym
Epicampoptera heterogyna,Metadrepana heterogyna,0.8772,synonym
Epicampoptera marantica,Epicampoptera ignorata,0.9639,synonym
Epicampoptera marantica,Metadrepana marantica,0.8914,synonym
Epicampoptera pallida,Metadrepana pallida,0.8751,synonym
Epicampoptera strandi,Epicampoptera vulvornata,0.9395,synonym
Sabra harpagula,Bombyx sicula,0.8649,synonym
Sabra harpagula,Drepana pallascens,0.8239,synonym
Sabra harpagula,Phalaena harpagula,0.8997,synonym
Sabra harpagula,Platypteryx sicula,0.8946,synonym
Sabra harpagula,Sabra sicula,0.7624,synonym
Sabra sinica,Palaeodrepana sinica,0.7638,synonym
Gonoreta contracta,Oreta contracta,0.8949,synonym
Gonoreta differenciata,Lomadontophana differenciata,0.9102,synonym
Gonoreta gonioptera,Oreta gonioptera,0.9347,synonym
Hypsidia australica,Eggersia australica,0.865,synonym
Sewa orbiferata,Abraxas orbiferata,0.803,synonym
Sewa orbiferata,Argyris insignata,0.8148,synonym
Pseudothyatira cymatophoroides,Thyatira cymatophoroides,0.9763,synonym
Pseudothyatira expultrix,Lacinia expultrix,0.8968,synonym
Epipsestis albidisca,Palimpsestis albidisca,0.909,synonym
Epipsestis albidisca,Polyploca albidisca,0.9265,synonym
Epipsestis albidisca,Polyploca polychromata,0.794,synonym
Epipsestis bilineata,Polyploca acutangula,0.9139,synonym
Epipsestis bilineata,Polyploca bilineata,0.9398,synonym
Epipsestis dubia,Polyploca dubia,0.9164,synonym
Epipsestis dubia,Polyploca nigrifasciata,0.8877,synonym
Epipsestis dubia,Polyploca nigrilineata,0.8813,synonym
Epipsestis dubia,Polyploca semifascia,0.915,synonym
Epipsestis orbicularis,Palimpsestis orbicularis,0.9306,synonym
Epipsestis orbicularis,Palimpsestis sumatrensis,0.7626,synonym
Epipsestis ornata,Epipsestis unicolor,0.9544,synonym
Epipsestis ornata,Polyploca concolor,0.8963,synonym
Epipsestis ornata,Polyploca ornata,0.9222,synonym
Epipsestis ornata,Sugiploca sugitanii,0.8683,synonym
Epipsestis renalis,Palimpsestis renalis,0.9242,synonym
Astatochroa fuscimargo,Artaxa usta,0.6818,not synonym
Astatochroa fuscimargo,Oreta pusilla,0.7892,synonym
Astatochroa fuscimargo,Oreta roseola,0.8668,synonym
Astatochroa fuscimargo,Psiloreta fuscimargo,0.9065,synonym
Astatochroa sulphurata,Psiloreta fasciata,0.878,synonym
Astatochroa sulphurata,Psiloreta obsoleta,0.7831,synonym
Astatochroa sulphurata,Psiloreta sulphurata,0.9133,synonym
Teldenia niveata,Teldenia angustifascia,0.9258,synonym
Ceranemota fasciata,Bombycia fasciata,0.9197,synonym
Ceranemota improvisa,Cymatophora improvisa,0.848,synonym
Ceranemota tearlei,Gluphisia tearlei,0.9306,synonym
Pseudalbara parvula,Pseudalbara griseola,0.9138,synonym
Pseudalbara parvula,Pseudalbara muscula,0.9152,synonym
Mesopsestis undosa,Palimpsestis undosa,0.8998,synonym
Togaria tancrei,Cymatophora tancrei,0.8471,synonym
Togaria tancrei,Nemacerota tancrei,0.7871,synonym
Togaria tancrei,Togaria suzukiana,0.9133,synonym
Togaria tancrei,Togaria takaozana,0.8958,synonym
Mimozethes argentilinearia,Mimozethes nana,0.9108,synonym
Mimozethes lilacinaria,Mimozethes lycoraearia,0.9564,synonym
Kurama galbanus,Asphalia galbanus,0.9072,synonym
Kurama galbanus,Polyploca anglica,0.9008,synonym
Kurama mirabilis,Xylina mirabilis,0.9435,synonym
Liocrops carnosa,Phalacropsis carnosa,0.8368,synonym
Liocrops edentata,Phalacra edentata,0.9247,synonym
Liocrops pseudoluteata,Phalacropsis pseudoluteata,0.9152,synonym
Liocrops semiprotrusa,Phalacropsis semiprotrusa,0.9018,synonym
Mimopsestis albogrisea,Spilobasis albogrisea,0.9581,synonym
Mimopsestis albogrisea,Toelgyfaloca albogrisea,0.9071,synonym
Mimopsestis basalis,Palimpsestis basalis,0.933,synonym
Mimopsestis circumdata,Spilobasis circumdata,0.8816,synonym
Mimopsestis circumdata,Toelgyfaloca circumdata,0.6275,not synonym
Mimopsestis curvata,Spilobasis curvata,0.9118,synonym
Mimopsestis honei,Spilobasis honei,0.9514,synonym
Mimopsestis minor,Spilobasis minor,0.9587,synonym
Mimopsestis pseudomaculata,Parapsestis pseudomaculata,0.9616,synonym
Mimopsestis pseudomaculata,Parapsestis pseudomaculata,0.9616,synonym
Mimopsestis pseudomaculata,Spilobasis pseudomaculata,0.9643,synonym
Nemacerota alternata,Palimpsestis alternata,0.8112,synonym
Nemacerota alternata,Stenopsestis alternata,0.8212,synonym
Nemacerota cinerea,Asphalia cinerea,0.7799,synonym
Euthyatira lorata,Thyatira lorata,0.9124,synonym
Euthyatira pennssylvanica,Euthyatira pennsylvanica,0.9267,synonym
Euthyatira pudens,Thyatira pudens,0.957,synonym
Euthyatira semicircularis,Bombycia griseor,0.867,synonym
Euthyatira semicircularis,Bombycia semicircularis,0.9623,synonym
Euthyatira semicircularis,Euthyatira tema,0.8107,synonym
Ditrigona conflexaria,Acidalia conflexaria,0.8652,synonym
Ditrigona derocina,Peridrepana derocina,0.9166,synonym
Ditrigona furvicosta,Leucodrepana furvicosta,0.7247,synonym
Ditrigona idaeoides,Leucodrepana idaeoides,0.8329,synonym
Ditrigona inconspicua,Teldenia inconspicua,0.9598,synonym
Ditrigona innotata,Drepana innotata,0.7793,synonym
Ditrigona jardanaria,Corycia jardanaria,0.8675,synonym
Ditrigona lineata,Leucodrepana lineata,0.6918,not synonym
Ditrigona micronioides,Auzatella micronioides,0.8733,synonym
Ditrigona mytylata,Corycia mytylata,0.9072,synonym
Ditrigona obliquilinea,Leucodrepana obliquilinea,0.8498,synonym
Ditrigona pentesticha,Auzatella pentesticha,0.934,synonym
Ditrigona quinaria,Drepanodes quinaria,0.7908,synonym
Ditrigona quinaria,Thaleridia pruinosa,0.9114,synonym
Ditrigona quinquelineata,Leucodrepana quinquelineata,0.731,synonym
Ditrigona sericea,Drepana fulvicosta,0.7226,synonym
Ditrigona sericea,Leucodrepana birmanica,0.6221,not synonym
Ditrigona sericea,Peridrepana sericea,0.8473,synonym
Ditrigona virgo,Corycia sacra,0.8885,synonym
Ditrigona virgo,Corycia virgo,0.9161,synonym
Cyclidia javana,Cyclidia absentimacula,0.878,synonym
Cyclidia orciferaria,Cyclidia ociferaria,0.914,synonym
Cyclidia rectificata,Cyclidia mauricolaria,0.9213,synonym
Cyclidia rectificata,Cyclidia patulata,0.9703,synonym
Cyclidia substigmaria,Cyclidia capitata,0.8932,synonym
Spica parallelangula,Plusinia aurea,0.8622,synonym
Falcaria bilineata,Drepana bilineata,0.9616,synonym
Falcaria bilineata,Drepana hudsoni,0.8466,synonym
Falcaria bilineata,Drepana levis,0.8549,synonym
Falcaria bilineata,Falcaria rampartensis,0.9292,synonym
Falcaria lacertinaria,Bombyx lacertula,0.8706,synonym
Falcaria lacertinaria,Drepana brykaria,0.8896,synonym
Falcaria lacertinaria,Drepana conjuncta,0.8557,synonym
Falcaria lacertinaria,Drepana curvula,0.8393,synonym
Falcaria lacertinaria,Drepana dimidiata,0.8807,synonym
Falcaria lacertinaria,Drepana erosula,0.8988,synonym
Falcaria lacertinaria,Drepana interpres,0.7944,synonym
Falcaria lacertinaria,Drepana lacertinaria,0.9193,synonym
Falcaria lacertinaria,Drepana lacertula,0.8626,synonym
Falcaria lacertinaria,Drepana scincula,0.8331,synonym
Falcaria lacertinaria,Drepana tacoraria,0.836,synonym
Falcaria lacertinaria,Falcaria conjuncta,0.9162,synonym
Falcaria lacertinaria,Phalaena lacertula,0.8799,synonym
Falcaria lacertinaria,Platypteryx lacertinaria,0.8855,synonym
Falcaria lacertinaria,Platypteryx lacertula,0.8768,synonym
Argodrepana verticata,Peridrepana verticata,0.9724,synonym
Drapetodes fratercula,Drapetodes fratercula,1.0,synonym
Drapetodes matulata,Drapetodes obliquifasciata,0.9388,synonym
Drapetodes mitaria,Drapetodes albidior,0.9155,synonym
Drapetodes mitaria,Drapetodes platycerata,0.9266,synonym
Drapetodes mitaria,Drapetodes vapida,0.8852,synonym
Tetheella fluctuosa,Cymatophora fluctuosa,0.9553,synonym
Tetheella fluctuosa,Palimpsestis cocncolor,0.9174,synonym
Tetheella fluctuosa,Palimpsestis fluctuosa,0.8709,synonym
Tetheella fluctuosa,Palimpsestis obscura,0.7833,synonym
Tetheella fluctuosa,Tethea albilinea,0.7504,synonym
Tetheella fluctuosa,Tethea bifasciata,0.7858,synonym
Tetheella fluctuosa,Tethea effusa,0.7708,synonym
Tetheella fluctuosa,Tethea fluctuosa,0.8153,synonym
Negera bimaculata,Ancistrota bimaculata,0.9412,synonym
Negera confusa,Ctenogyna lytaea,0.7448,synonym
Negera confusa,Negera lytaea,0.7982,synonym
Negera immaculata,Ancistrina immaculata,0.8453,synonym
Negera natalensis,Ancistrota geometroides,0.8425,synonym
Negera natalensis,Ctenogyna natalensis,0.8817,synonym
Microthyatira decorata,Nemacerota decorata,0.746,synonym
Microthyatira decorata,Polyploca decorata,0.8887,synonym
Thyatira batis,Thyatira albopunctata,0.9425,synonym
Thyatira batis,Thyatira conflua,0.8738,synonym
Thyatira batis,Thyatira confluens,0.9561,synonym
Thyatira batis,Thyatira confluens,0.9561,synonym
Thyatira batis,Thyatira derosea,0.7771,synonym
Thyatira batis,Thyatira indecorata,0.8448,synonym
Thyatira batis,Thyatira juncta,0.9601,synonym
Thyatira batis,Thyatira phaea,0.9201,synonym
Thyatira batis,Thyatira rubrescens,0.9365,synonym
Thyatira batis,Thyatira variabilis,0.9156,synonym
Thyatira mexicana,Thyatira superba,0.854,synonym
Zusidava tortricaria,Zusidava sinuosa,0.7823,synonym
Spidia fenestrata,Hemictenarcha rubrisecta,0.9197,synonym
Spidia fenestrata,Spidia fenestriculata,0.9875,synonym
Spidia fenestrata,Spidia rubrisecta,0.9343,synonym
Spidia miserrima,Thymistida miserrima,0.8732,synonym
Spidia smithi,Phalacrothyris smithi,0.9332,synonym
Spidia subviridis,Phalacrothyris subviridis,0.9652,synonym
Toxoides undulata,Osica undulata,0.8867,synonym
Toxoides undulata,Toxoides emphloius,0.9014,synonym
Toxoides undulata,Toxoides longipennis,0.9424,synonym
Achlya flavicornis,Achlya atrescens,0.9496,synonym
Achlya flavicornis,Achlya fuscomaculata,0.9563,synonym
Achlya flavicornis,Achlya nigromaculata,0.9627,synonym
Achlya flavicornis,Achlya signatipennis,0.7441,synonym
Achlya flavicornis,Achlya simplex,0.9392,synonym
Achlya flavicornis,Achlya unilinea,0.906,synonym
Achlya flavicornis,Achyla flavicornis,0.9757,synonym
Achlya flavicornis,Asphalia flavicornis,0.9116,synonym
Achlya flavicornis,Asphalia rosea,0.9253,synonym
Achlya flavicornis,Cymatophora flavicornis,0.9468,synonym
Achlya flavicornis,Noctua flavicornis,0.9349,synonym
Achlya flavicornis,Noctua luteicornis,0.9232,synonym
Achlya flavicornis,Phalaena arcuata,0.9157,synonym
Achlya flavicornis,Phalaena sulphureomaculata,0.9214,synonym
Achlya flavicornis,Polyplaca clausa,0.8804,synonym
Achlya flavicornis,Polyploca angustefasciata,0.936,synonym
Achlya flavicornis,Polyploca confluens,0.9196,synonym
Achlya flavicornis,Polyploca confluens,0.9196,synonym
Achlya flavicornis,Polyploca confluens,0.9196,synonym
Achlya flavicornis,Polyploca covergens,0.8906,synonym
Achlya flavicornis,Polyploca flavicornis,0.9484,synonym
Achlya flavicornis,Polyploca haverkampfi,0.8691,synonym
Achlya flavicornis,Polyploca medionigra,0.7961,synonym
Achlya flavicornis,Polyploca melanalba,0.919,synonym
Achlya flavicornis,Polyploca nudata,0.8822,synonym
Achlya flavicornis,Polyploca obsoleta,0.9107,synonym
Achlya flavicornis,Polyploca pseudoalbingensis,0.9317,synonym
Achlya flavicornis,Polyploca unimaculata,0.933,synonym
Achlya kuramana,Sugitaniella kuramana,0.9014,synonym
Spectroreta hyalodisca,Spectroreta flava,0.9483,synonym
Spectroreta hyalodisca,Spectroreta rufa,0.9312,synonym
Nordstromia aqua,Drepana aqua,0.9132,synonym
Nordstromia bicostata,Albara bicostata,0.8628,synonym
Nordstromia duplicata,Albara duplicata,0.9119,synonym
Nordstromia duplicata,Albara olivacea,0.8704,synonym
Nordstromia duplicata,Nordstromia pallidior,0.8456,synonym
Nordstromia humerata,Albara humerata,0.9136,synonym
Nordstromia japonica,Albara sachalinensis,0.8985,synonym
Nordstromia japonica,Drepana punctifera,0.8643,synonym
Nordstromia lilacina,Albara lilacina,0.9382,synonym
Nordstromia problematica,Albara aestivalis,0.7228,synonym
Nordstromia problematica,Albara problematica,0.8482,synonym
Nordstromia recava,Nordstroemia recava,0.9178,synonym
Nordstromia siccifolia,Allodrepana siccifolia,0.965,synonym
Nordstromia simillima,Albara simillima,0.9101,synonym
Nordstromia sumatrana,Albara sumatrana,0.916,synonym
Nordstromia vira,Albara erpina,0.8292,synonym
Nordstromia vira,Albara gracillima,0.8687,synonym
Nordstromia vira,Albara mimetica,0.8806,synonym
Nordstromia vira,Albara ocellata,0.855,synonym
Nordstromia vira,Drepana vira,0.8978,synonym
Nordstromia vira,Nordstromia amabilis,0.9148,synonym
Nordstromia vira,Nordstromia pallidina,0.9332,synonym
